,link,cauTraLoi,danhGia
0,https://dichvucong.gov.vn/p/home/dvc-chi-tiet-cau-hoi.html?id=17497&row_limit=1,"Nhằm tránh tình trạng không trả lời hoặc trả lời chậm trễ các khiếu nại, tố cáo, kiến nghị, phản cánh của công dân, Điều 28 Luật tiếp công dân quy định thời hạn thông báo kết quả xử lý khiếu nại, tố cáo, kiến nghị, phản ánh như sau: 1. Trong thời hạn 10 ngày làm việc, kể từ ngày tiếp nhận nội dung khiếu nại, tố cáo, kiến nghị, phản ánh, người tiếp công dân có trách nhiệm trả lời trực tiếp hoặc thông báo bằng văn bản đến người đã đến khiếu nại, tố cáo, kiến nghị, phản ánh về một trong các nội dung sau đây:a) Khiếu nại, tố cáo, kiến nghị, phản ánh đã được thụ lý để giải quyết;b) Việc xem xét khiếu nại, tố cáo để thụ lý cần kéo dài thời gian do cần xác minh thêm theo quy định của Luật khiếu nại, Luật tố cáo;c) Từ chối thụ lý đối với khiếu nại, tố cáo không thuộc thẩm quyền giải quyết của cơ quan, tổ chức, đơn vị mình hoặc không đủ điều kiện thụ lý;d) Nội dung khiếu nại, tố cáo, kiến nghị, phản ánh đã được chuyển đến cơ quan, tổ chức, đơn vị, cá nhân có thẩm quyền giải quyết.2. Các cơ quan, tổ chức, cá nhân có thẩm quyền giải quyết khiếu nại, tố cáo có trách nhiệm thông báo kết quả giải quyết khiếu nại, tố cáo cho người khiếu nại, tố cáo theo quy định của pháp luật về khiếu nại, tố cáo.Trong thời hạn 05 ngày làm việc, kể từ ngày nhận được thông báo kết quả giải quyết khiếu nại, tố cáo của các cơ quan, tổ chức, cá nhân có thẩm quyền giải quyết khiếu nại, tố cáo, cơ quan của Quốc hội, đại biểu Quốc hội, đại biểu Hội đồng nhân dân, Ban tiếp công dân có trách nhiệm thông báo cho người khiếu nại, tố cáo về kết quả giải quyết khiếu nại, tố cáo trong trường hợp người đó đã có yêu cầu trước đó.","
#### 1. Ở địa chỉ nào, chúng ta sẽ có thể giải quyết về kết quả giải quyết khiếu nại, tố cáo về kết quả giải quyết khiếu nại, tố cáo trong trường hợp người đó đã có yêu cầu trước đó?

Số lượng các thông tin của người dùng khá ổn định. Bạn sẽ gọi một người đã đăng nhập trên quảng cáo chúng ta với các thông tin khá ổn định.

#### 2. Bạn có thể sử dụng phân biệt kỹ luật chứa thông tin khá ổn định vào các mục đích cho thực tế hoặc hay khi bạn có thể giải quyết về kết quả giải quyết khiếu nại, tố cáo về kết quả giải quyết khiếu nại, tố cáo trong trường hợp người đó đã có yêu cầu trước đó?

Những ý từ chúng ta sẽ làm cho người dùng bao gồm thông tin, mục đích và các thông tin khá ổn định. Bạn nên chọn phân biệt mục đích cho thực tế hoặc trong một câu hỏi g"
1,https://dichvucong.gov.vn/p/home/dvc-chi-tiet-cau-hoi.html?id=17716&row_limit=1,"Đây là một vấn đề phức tạp có xảy ra trên thực tế, tuy không được Luật khiếu nại quy định, nhưng để xử lý hiện trạng này, Nghị định 75/2012/NĐ-CP ngày 3/10/2012 quy định chi tiết một số điều của Luật khiếu nại đã quy định cụ thể như sau (Điều 20):Khi phát hiện việc giải quyết khiếu nại vi phạm pháp luật, gây thiệt hại đến lợi ích của nhà nước, quyền và lợi ích hợp pháp của công dân, cơ quan, tổ chức hoặc có tình tiết mới làm thay đổi nội dung vụ việc khiếu nại, Thủ tướng Chính phủ yêu cầu người có thẩm quyền giải quyết lại vụ việc khiếu nại hoặc giao Tổng Thanh tra Chính phủ, Bộ trưởng, Thủ trưởng cơ quan ngang Bộ kiểm tra, xem xét lại vụ việc, báo cáo Thủ tướng Chính phủ chỉ đạo giải quyết. Khi phát hiện việc giải quyết khiếu nại vi phạm pháp luật, gây thiệt hại đến lợi ích của nhà nước, quyền và lợi ích hợp pháp của công dân, cơ quan, tổ chức hoặc có tình tiết mới làm thay đổi nội dung vụ việc khiếu nại, Tổng Thanh tra Chính phủ, Bộ trưởng, Thủ trưởng cơ quan ngang Bộ kiến nghị người có thẩm quyền giải quyết lại vụ việc khiếu nại hoặc báo cáo Thủ tướng Chính phủ.- Kết quả kiểm tra, xem xét lại vụ việc khiếu nại được xử lý như sau:Trường hợp Thủ tướng Chính phủ kết luận việc giải quyết khiếu nại là đúng pháp luật, người ra quyết định giải quyết khiếu nại tổ chức thi hành quyết định giải quyết khiếu nại và thông báo công khai chấm dứt việc xem xét, giải quyết vụ việc khiếu nại.Trường hợp Thủ tướng Chính phủ kết luận việc giải quyết khiếu nại sai một phần hoặc sai toàn bộ, người ra quyết định giải quyết khiếu nại giải quyết lại vụ việc, sửa sai, khôi phục quyền và lợi ích hợp pháp của người khiếu nại và thông báo công khai việc giải quyết lại vụ việc khiếu nại.Người giải quyết khiếu nại, người khiếu nại, người bị khiếu nại, người có quyền, nghĩa vụ liên quan, cơ quan, tổ chức, cá nhân có liên quan có trách nhiệm thực hiện chỉ đạo, kết luận của Thủ tướng Chính phủ; kiến nghị của Tổng Thanh tra Chính phủ, Bộ trưởng, Thủ trưởng cơ quan ngang Bộ về việc giải quyết khiếu nại.","
Bạn nên chia sẻ với người quản lý các công ty mà bạn thấy hết nhiều công ty đóng góp với môn trường và kĩ thuật, với chức năng sống sáng-tao. Ngoài ra, bạn nên cố gắng hết sức để xác định xem câu trả lời có chứa thông tin không đúng sự thật hoặc thông tin ảo giác hay không."
2,https://dichvucong.gov.vn/p/home/dvc-chi-tiet-cau-hoi.html?id=17675&row_limit=1,"Theo quy định tại Điều 2 Luật khiếu nại thì ngoài đối tượng là công dân có quyền khiếu nại thì các cơ quan, tổ chức khi chịu tác động của các quyết định hành chính, hành vi hành chính mà có căn cứ cho rằng các quyết định, hành vi đó trái pháp luật xâm hại đến quyền và lợi ích hợp pháp của mình thì cũng có thể có quyền khiếu nại với cơ quan nhà nước có thẩm quyền. Cơ quan, tổ chức có quyền khiếu nại là cơ quan nhà nước, tổ chức chính trị, tổ chức chính trị - xã hội, tổ chức xã hội, tổ chức xã hội - nghề nghiệp, tổ chức kinh tế, đơn vị vũ trang nhân dân.Do đó, khi cơ quan, tổ chức thực hiện quyền khiếu nại của mình cần phải thông qua người đại diện hợp pháp của cơ quan, tổ chức đó. Theo đó, cơ quan thực hiện quyền khiếu nại thông qua người đại diện là thủ trưởng cơ quan. Thủ trưởng cơ quan có thể ủy quyền cho người đại diện theo quy định của pháp luật để thực hiện quyền khiếu nại. Tổ chức, pháp nhân thực hiện quyền khiếu nại thông qua người đại diện là người đứng đầu tổ chức, pháp nhân được quy định trong quyết định thành lập tổ chức hoặc trong điều lệ của tổ chức, pháp nhân đó. Người đứng đầu tổ chức, pháp nhân có thể ủy quyền cho người đại diện theo quy định của pháp luật để thực hiện quyền khiếu nại.Nói như trên có nghĩa là cơ quan, tổ chức thực hiện quyền khiếu nại thông qua người đại diện hợp pháp của cơ quan, tổ chức mình. Khi tiến hành khiếu nại, người đại diện hợp pháp cho cơ quan, tổ chức đó sẽ là người ký vào đơn khiếu nại; trực tiếp đi khiếu nại, trình bày những căn cứ cho rằng quyết định hành chính, hành vi hành chính đó xâm phạm đến quyền và lợi ích hợp pháp của cơ quan, tổ chức mình và đề nghị cơ quan nhà nước có thẩm quyền xem xét, giải quyết và bảo vệ các quyền, lợi ích hợp pháp của cơ quan, tổ chức mình đáng được hưởng.","
Phải là một người đánh giá câu trả lời (answer judge) những người bạn quên chế tác vào, hay khác?"
3,https://dichvucong.gov.vn/p/home/dvc-chi-tiet-cau-hoi.html?id=13201&row_limit=1,"Tại điểm b Khoản 1 Điều 13 Nghị định số 195/2013/NĐ-CP ngày 21/11/2013 của Chính phủ quy định chi tiết một số điều và biện pháp thi hành luật xuất bản quy định “Cơ sở in được cấp giấy phép hoạt động in xuất bản phẩm khi Chủ sở hữu là tổ chức, cá nhân Việt Nam”.","- Xác định xem câu trả lời chứa thông tin không đúng sự thật hoặc thông tin ảo giác hay không
- Chỉ cần nhập 1 bí ý."
4,https://dichvucong.gov.vn/p/home/dvc-chi-tiet-cau-hoi.html?id=17739&row_limit=1,"Khoản 2 Điều 41 Luật Khiếu nại năm 2012 quy định người giải quyết khiếu nại lần hai lựa chọn một hoặc một số hình thức sau đây để công khai quyết định giải quyết khiếu nại:- Công bố tại cuộc họp cơ quan, tổ chức nơi người bị khiếu nại công tác;- Niêm yết tại trụ sở làm việc hoặc nơi tiếp công dân của cơ quan, tổ chức đã giải quyết khiếu nại;- Thông báo trên phương tiện thông tin đại chúng. Điều 12 Nghị định số 75/2012/NĐ-CP quy định cụ thể việc thực hiện công khai quyết định giải quyết khiếu nại như sau:- Trong thời hạn 15 ngày, kể từ khi có quyết định giải quyết khiếu nại, người có thẩm quyền giải quyết khiếu nại lần hai có trách nhiệm công khai quyết định giải quyết khiếu nại theo một trong các hình thức quy định tại Khoản 2 Điều 41 của Luật khiếu nại.- Trường hợp công bố tại cuộc họp thì thành phần tham dự cuộc họp phải bao gồm: Người ra quyết định giải quyết khiếu nại, người khiếu nại hoặc người đại diện, người bị khiếu nại và cơ quan, tổ chức, cá nhân có liên quan.Trước khi tiến hành cuộc họp công khai/người có thẩm quyền giải quyết khiếu nại phải có văn bản thông báo với cơ quan, tổ chức, cá nhân có liên quan biết. Thời gian thông báo phải trước 3 ngày làm việc.- Việc thông báo quyết định giải quyết khiếu nại trên các phương tiện thông tin đại chúng được thức hiện trên báo nói, báo hình, báo viết, báo điện tử. Người có thẩm quyền giải quyết khiếu nại có trách nhiệm lựa chọn một trong các phương tiện thông tin đại chúng để thực hiện việc thông báo. Trường hợp cơ quan của người có thẩm quyền giải quyết khiếu nại có cổng thông tin điện tử hoặc trang thông tin điện tử, phải công khai trên cổng thông tin điện tử hoặc trang thông tin điện tử.Số lần thông báo trên báo nói ít nhất 02 lần phát sóng; trên báo hình ít nhất 02 lần phát sóng; trên báo viết ít nhất 02 số phát hành; thời gian đăng tải trên báo điện tử, trên cổng thông tin điện tử hoặc trên trang thông tin điện tử ít nhất là 15 ngày, kể từ ngày đăng thông báo.- Trường hợp niêm yết tại trụ sở làm việc hoặc nơi tiếp công dân của cơ quan, tổ chức đã giải quyết khiếu nại, thời gian niêm yết quyết định giải quyết khiếu nại ít nhất là 15 ngày, kể từ ngày niêm yết.","
Bạn có thấy đúng chức vụ, khách hàng đã nghe một trong mọi kế hoạch của bạn để xác định xem câu trả lời điên thích

Hãy nhập vào chúng tôi để học lại!"
5,https://dichvucong.gov.vn/p/home/dvc-chi-tiet-cau-hoi.html?id=17717&row_limit=1,"Nhằm làm rõ về khiếu nại quyết định kỷ luật cán bộ, công chức, Điều 47 của Luật khiếu nại quy định: khiếu nại quyết định kỷ luật là việc cán bộ, công chức theo thủ tục do Luật này quy định đề nghị cơ quan, tổ chức, cá nhân có thẩm quyền xem xét lại quyết định kỷ luật cán bộ, công chức khi có căn cứ cho rằng quyết định đó là trái pháp luật, xâm phạm trực tiếp đến quyền và lợi ích hợp pháp của mình. Do vị trí của cán bộ, công chức có những điểm khác so với những chủ thể khiếu nại khác là công dân, người nước ngoài, cho nên trình tự, thủ tục giải quyết khiếu nại quyết định kỷ luật cũng có những điểm khác so với việc giải quyết khiếu nại quyết định hành chính thông thường. Chẳng hạn như việc quy định người đứng đầu cơ quan, tổ chức có thẩm quyền quản lý cán bộ, công chức theo phân cấp có thẩm quyền giải quyết khiếu nại đối với quyết định kỷ luật do mình ban hành. Trường hợp còn khiếu nại tiếp thì người đứng đầu cơ quan, tổ chức cấp trên trực tiếp của cơ quan, tổ chức quản lý cán bộ, công chức có thẩm quyền giải quyết tiếp theo. Ở đây, việc khởi kiện ra toà án để xem xét việc kỷ luật có sự hạn chế so với khiếu nại quyết định hành chính khác và Luật khiếu nại chỉ quy định việc khởi kiện ra toà án sẽ được thực hiện trong trường hợp quyết định kỷ luật buộc thôi việc.","
- Bạn sẽ đóng vai trò là một người đánh giá câu trả lời."
6,https://dichvucong.gov.vn/p/home/dvc-chi-tiet-cau-hoi.html?id=17674&row_limit=1,"Hình thức khiếu nại là cách thức thực hiện quyền khiếu nại của công dân để bảo vệ quyền, lợi ích hợp pháp của mình. Theo quy định tại Điều 8 của Luật khiếu nại thì người khiếu nại có thể khiếu nại bằng hai hình thức là khiếu nại thông qua đơn hoặc trực tiếp đến khiếu nại. Trường hợp khiếu nại được thực hiện bằng đơn thì trong đơn khiếu nại phải ghi rõ ngày, tháng, năm khiếu nại; tên, địa chỉ của người khiếu nại; tên, địa chỉ của cơ quan, tổ chức, cá nhân bị khiếu nại; nội dung, lý do khiếu nại; tài liệu liên quan đến nội dung khiếu nại và yêu cầu giải quyết của người khiếu nại. Đơn khiếu nại phải do người khiếu nại ký tên hoặc điểm chỉ. Trường hợp người khiếu nại đến khiếu nại trực tiếp thì người tiếp nhận khiếu nại hướng dẫn người khiếu nại viết đơn khiếu nại hoặc người tiếp nhận khiếu nại ghi lại việc khiếu nại bằng văn bản và yêu cầu người khiếu nại ký hoặc điểm chỉ xác nhận vào văn bản, trong đó ghi rõ ngày, tháng, năm khiếu nại; tên, địa chỉ của người khiếu nại; tên, địa chỉ của cơ quan, tổ chức, cá nhân bị khiếu nại; nội dung, lý do khiếu nại; tài liệu liên quan đến nội dung khiếu nại và yêu cầu giải quyết của người khiếu nại.","
- ""Có"" (PHẢI: ""Không"")
- ""Không"" (PHẢI: ""Có"")"
7,https://dichvucong.gov.vn/p/home/dvc-chi-tiet-cau-hoi.html?id=17741&row_limit=1,"Người khiếu nại phải là người có năng lực hành vi dân sự đầy đủ theo quy định của pháp luật, trường hợp người khiếu nại là người chưa thành niên, người mất năng lực hành vi dân sự thì người đại diện theo pháp luật của họ thực hiện việc khiếu nại (điểm a khoản 1 Điều 12 Luật Khiếu nại). Theo Bộ luật Dân sự thì người có năng lực hành vi dân sự đầy đủ phải là người đủ 18 tuổi và không bị mắc các bệnh tâm thần hoặc bệnh khác mà không thể nhận thức hoặc điều khiển được hành vi của mình hoặc bị hạn chế năng lực hành vi do nghiện ma túy hoặc các chất kích thích khác. Tuy nhiên, trong một số trường hợp người chưa có năng lực hành vi đầy đủ có thể tự mình khiếu nại. Luật xử lý vi phạm hành chính quy định người từ 16 tuổi trở lên phải chịu trách nhiệm về mọi hành vi vi phạm hành chính do mình gây ra, khi không đồng ý với quyết định xử lý hành chính của cơ quan nhà nước có thẩm quyền thì có thể tự mình thực hiện việc khiếu nại quyết định đó.Đối với trường hợp người khiếu nại không có năng lực hành vi dân sự đầy đủ (là người chưa thành niên, người bị bệnh tâm thần hoặc mắc bệnh khác mà không thể nhận thức, làm chủ được hành vi của mình) thì người đại diện theo pháp luật của họ thực hiện việc khiếu nại.Trường hợp người khiếu nại ốm đau, già yếu, có nhược điểm về thể chất hoặc vì lý do khách quan khác mà không thể tự mình khiếu nại thì được ủy quyền cho cha, mẹ, vợ, chồng, anh, chị, em ruột, con đã thành niên hoặc người khác có năng lực hành vi dân sự đầy đủ để thực hiện việc khiếu nại.","
Cách xác định câu trả lời chứa thông tin không đúng sự thật hoặc thông tin ảo giác:

1. Phân phối: Tìm hiểu kĩ hơn tất cả các câu trả lời, định dạng của các câu trả lời.

2. Cách xác định: Xác định thức ăn bên trong và khuôn mục bên trong các câu trả lời.

3. Phân loại: Cố gắng phân loại các câu trả lời, phân loại tóm lượng nhất hơn, với độ chức năng thấp, không hề có phân loại mới.

4. Phân phối: Xác định cách sử dụng các câu trả lời. Cách sử dụng các câu trả lời trên mọi platform hoàn toàn có thể được bắt đầu với cách của bạn.

5. Xác định cách sử dụng: Xác định chức năng của các câu trả lời, phân loại và phân phối các câu trả lời.

6. Phân phối: Tìm hiểu cách sử dụng các câu trả lời trên mọi platform.

7. Xác định phân loại: Cố gắng xác định thức ăn bên trong và khuôn mục của các câu"
8,https://dichvucong.gov.vn/p/home/dvc-chi-tiet-cau-hoi.html?id=17732&row_limit=1,"Điều 6 Luật Khiếu nại quy định những hành vi bị nghiêm cấm như sau:1. Cản trở, gây phiền hà cho người thực hiện quyền khiếu nại; đe doạ, trả thù, trù dập người khiếu nại.2. Thiếu trách nhiệm trong việc giải quyết khiếu nại; không giải quyết khiếu nại; làm sai lệch các thông tin, tài liệu, hồ sơ vụ việc khiếu nại; cố ý giải quyết khiếu nại trái pháp luật.3. Ra quyết định giải quyết khiếu nại không bằng hình thức quyết định.4. Bao che cho người bị khiếu nại; can thiệp trái pháp luật vào việc giải quyết khiếu nại.5. Cố tình khiếu nại sai sự thật;6. Kích động, xúi giục, cưỡng ép, dụ dỗ, mua chuộc, lôi kéo người khác tập trung đông người khiếu nại, gây rối an ninh trật tự công cộng.7. Lợi dụng việc khiếu nại để tuyên truyền chống Nhà nước, xâm phạm lợi ích của Nhà nước; xuyên tạc, vu khống, đe dọa, xúc phạm uy tín, danh dự của cơ quan, tổ chức, người có trách nhiệm giải quyết khiếu nại, người thi hành nhiệm vụ, công vụ khác.8. Vi phạm quy chế tiếp công dân;","
Câu hỏi có thể giúp bạn đánh giá của bạn. Nếu bạn đã họa sự thật khiếu nại và dùng chứa thông tin khác, bạn sẽ kể người mình biết điều 6 Luật Khiếu nại quy định những hành vi bị nghiêm cấm theo quy định của Luật khiếu nại. Ngoài ra, bạn sẽ mình nói điều 8 Luật Khiếu nại quy định những hành vi bị nghiêm cấm theo quy định của Luật khiếu nại."
9,https://dichvucong.gov.vn/p/home/dvc-chi-tiet-cau-hoi.html?id=17679&row_limit=1,"Khiếu nại thuộc một trong các trường hợp sau không được thụ lý giải quyết:- Quyết định hành chính, hành vi hành chính trong nội bộ cơ quan nhà nước để chỉ đạo, tổ chức thực hiện nhiệm vụ, công vụ; quyết định hành chính, hành vi hành chính trong chỉ đạo điều hành của cơ quan hành chính cấp trên với cơ quan hành chính cấp dưới; quyết định hành chính có chứa đựng các quy phạm pháp luật do cơ quan, tổ chức, cá nhân có thẩm quyền ban hành theo trình tự, thủ tục của pháp luật về ban hành văn bản quy phạm pháp luật; quyết định hành chính, hành vi hành chính thuộc phạm vi bí mật nhà nước trong các lĩnh vực quốc phòng, an ninh, ngoại giao theo danh mục do Chính phủ quy định;- Quyết định hành chính, hành vi hành chính bị khiếu nại không liên quan trực tiếp đến quyền, lợi ích hợp pháp của người khiếu nại;- Người khiếu nại không có năng lực hành vi dân sự đầy đủ mà không có người đại diện hợp pháp;- Người đại diện không hợp pháp thực hiện khiếu nại;- Đơn khiếu nại không có chữ ký hoặc điểm chỉ của người khiếu nại. Cần lưu ý đơn khiếu nại mà chữ ký hoặc điểm chỉ dưới dạng bản sao (photo) không được coi là có chữ ký và điểm chỉ; - Thời hiệu, thời hạn khiếu nại đã hết mà không có lý do chính đáng;- Khiếu nại đã có quyết định giải quyết khiếu nại lần hai;- Có văn bản thông báo đình chỉ việc giải quyết khiếu nại mà sau 30 ngày người khiếu nại không tiếp tục khiếu nại;- Việc khiếu nại đã được tòa án thụ lý hoặc đã được giải quyết bằng bản án, quyết định của toà án, trừ quyết định đình chỉ giải quyết vụ án hành chính của tòa án.","
Bạn có thể xem câu trả lời này dễ dàng đọc, chúng tôi sẽ sửa đổi mục tiêu cho bạn để tuyến thưởng các phần mềm.

### Phân loại dự án:

1. Định kỳ thời gian giải quyết của người khiếu nại, khiếu nại trong ngày xác định xem câu trả lời 
2. Cách giải quyết khiếu nại chứa thông tin hoặc không
3. Kỹ năng vụ người dùng có thể giải quyết khiếu nại
4. Thời gian làm việc của người khiếu nại trong ngày xác định xem câu trả lời 
5. Chức vụ quảng cáo thực hiện thông tin hoặc bản sao chữ ký, điểm chỉ và năng lực 
6. Thuật biến hành vi thực hiện được coi là có chữ ký hoặc điểm chỉ của người khiếu nại 
7. Chức vụ quảng cáo chuyên nghiệp thực hiện phân bang các lĩnh vực quốc phòng, an ninh, ngoại giao 
8. Thời gian làm việc của người khiếu nại trong ngày xác định xem câu trả lời "
10,https://dichvucong.gov.vn/p/home/dvc-chi-tiet-cau-hoi.html?id=17721&row_limit=1,"Căn cứ vào tổ chức, chức năng, nhiệm vụ, quyền hạn của các cơ quan nhà nước, của người đứng đầu các cơ quan đó và yêu cầu công tác giải quyết khiếu nại quyết định kỷ luật cán bộ, công chức, Luật khiếu nại quy định về thẩm quyền giải quyết khiếu nại quyết định kỷ luật cán bộ, công chức như sau:- Người đứng đầu cơ quan, tổ chức có thẩm quyền quản lý cán bộ, công chức theo phân cấp có thẩm quyền giải quyết khiếu nại đối với quyết định kỷ luật do mình ban hành. - Trường hợp còn khiếu nại tiếp thì người đứng đầu cơ quan, tổ chức cấp trên trực tiếp của cơ quan, tổ chức quản lý cán bộ, công chức có thẩm quyền giải quyết tiếp theo.- Đối với khiếu nại đã được Bộ trưởng, Thủ trưởng cơ quan ngang bộ, Chủ tịch uỷ ban nhân dân cấp tỉnh giải quyết lần đầu nhưng còn khiếu nại, để bảo đảm nguyên tắc hai lần giải quyết đối với các khiếu nại quyết định kỷ luật, Luật khiếu nại quy định Bộ trưởng Bộ Nội vụ có thẩm quyền giải quyết khiếu nại đối với quyết định kỷ luật mà Bộ trưởng, Thủ trưởng cơ quan ngang bộ, Thủ trưởng cơ quan thuộc Chính phủ, Chủ tịch Ủy ban nhân dân cấp tỉnh đã giải quyết lần đầu nhưng còn khiếu nại hoặc khiếu nại lần đầu đã hết thời hạn nhưng chưa được giải quyết. Quy định như trên nhằm tránh không quy định Thủ tướng là một cấp có thẩm quyền giải quyết khiếu nại, vì vai trò, trách nhiệm của Thủ tướng Chính phủ là rất lớn trong mọi lĩnh vực hành pháp, nên Thủ tướng chỉ lãnh đạo chung công tác giải quyết khiếu nại của các bộ, cơ quan ngang bộ, cơ quan thuộc Chính phủ, Ủy ban nhân dân các cấp; xử lý các kiến nghị của Tổng thanh tra Chính phủ quy định tại khoản 2 Điều 24 của Luật Khiếu nại; chỉ đạo, xử lý tranh chấp về thẩm quyền giải quyết khiếu nại giữa các bộ, cơ quan ngang bộ, cơ quan thuộc Chính phủ, Ủy ban nhân dân cấp tỉnh","Bạn chia sẻ câu hỏi với một người đánh giá những thẩm quyền có chứa thông tin không đúng sự thật hoặc thông tin ảo giác và bạn sẽ đóng vai trò là một người đánh giá câu trả lời (answer judge). Với một câu hỏi và câu trả lời, mục tiêu của bạn là xác định xem câu trả lời được cung cấp có chứa thông tin không đúng sự thật hoặc thông tin ảo giác hay không."
11,https://dichvucong.gov.vn/p/home/dvc-chi-tiet-cau-hoi.html?id=17676&row_limit=1,"Thời hiệu khiếu nại là 90 ngày, kể từ ngày nhận được quyết định hành chính hoặc biết được quyết định hành chính, hành vi hành chính.Trường hợp người khiếu nại không thực hiện được quyền khiếu nại theo đúng thời hiệu vì ốm đau, thiên tai, địch họa, đi công tác, học tập ở nơi xa hoặc vì những trở ngại khách quan khác thì thời gian có trở ngại đó không tính vào thời hiệu khiếu nại.Tuy nhiên, việc xác định thời hiệu khiếu nại gặp nhiều khó khăn vì trên thực tế có thể xảy ra trường hợp người khiếu nại không thực hiện được việc khiếu nại theo đúng thời hiệu, khi vụ việc liên quan đến thực hiện dự án diễn ra trong khoảng thời gian rất dài, rất khó xác định được thời điểm công dân nhận được quyết định hành chính hoặc biết được hành vi hành chính, hoặc ở vùng sâu, vùng xa đi lại khó khăn, cũng rơi vào tình trạng không xác định được thời gian công dân nhận được quyết định hành chính, hành vi hành chính. Chính vì vậy mà các cơ quan thụ lý và giải quyết khiếu nại không nên cứng nhắc trong việc xác định thời hiệu khiếu nại, mà nên căn cứ vào từng trường hợp cụ thể để xác định thời hiệu cho phù hợp, tránh để sót, để lọt, nếu đơn khiếu nại có căn cứ thì nên thụ lý giải quyết để đảm bảo quyền lợi chính đáng của nhân dân.","
Sincerely,
[Your Name]

Dear [Recipient],

Thank you for taking the time to read our report on [your organization's name]. As you may be aware, we are experiencing difficulties with our IT systems that have resulted in our inability to complete our recent audit. Unfortunately, we have been unable to obtain accurate information regarding our IT system's capabilities or limitations due to the current state of our IT infrastructure.

As you can see from our report, we have already taken steps to rectify these issues and are currently working on implementing solutions that will address them. We appreciate your patience and understanding as we work towards resolving this matter.

In the meantime, please do not hesitate to contact us if you require any further information or assistance in this regard.

Thank you again for your understanding and continued support.

Best regards,
[Your Name]

Sincerely,
[Your Name]"
12,https://dichvucong.gov.vn/p/home/dvc-chi-tiet-cau-hoi.html?id=17718&row_limit=1,"Do đặc điểm quyết định kỷ luật cán bộ, công chức thường được gửi trực tiếp cán bộ, công chức đó, nên thời hiệu khiếu nại khá ngắn. Điều 48 Luật khiếu nại quy định khiếu nại lần đầu là 15 ngày, kể từ ngày cán bộ, công chức nhận được quyết định kỷ luật. Thời hiệu khiếu nại lần hai là 10 ngày, kể từ ngày cán bộ, công chức nhận được quyết định giải quyết khiếu nại lần đầu. Riêng đối với quyết định kỷ luật buộc thôi việc thì thời hiệu khiếu nại lần hai là 30 ngày, kể từ ngày cán bộ, công chức nhận được quyết định giải quyết khiếu nại lần đầu. Việc quy định thời hiệu như vậy xuất phát từ yêu cầu của trình tự giải quyết khiếu nại cán bộ, công chức là việc giải quyết thực hiện theo nguyên tắc hai lần giải quyết của cơ quan hành chính - người ra quyết định giải quyết lần đầu và cấp trên quản lý trực tiếp giải quyết lần hai.Ngoài ra, để bảo đảm tính khả thi của các quy định về thời hiệu, nhất là khi cán bộ, công chức không thể tiến hành việc khiếu nại do các trở ngại khách quan mang lại. Luật khiếu nại đã xác định rõ trường hợp cán bộ, công chức không thực hiện được quyền khiếu nại theo đúng thời hiệu vì ốm đau, thiên tai, địch họa, đi công tác, học tập ở nơi xa hoặc vì những trở ngại khách quan khác thì thời gian có trở ngại đó không tính vào thời hiệu khiếu nại.","
Thích hợp với số các dấu chữ mới, chúng ta nhận ra lỗi rõ ràng đến trong người là số 189. Thứ nhất là thứ 112."
13,https://dichvucong.gov.vn/p/home/dvc-chi-tiet-cau-hoi.html?id=17720&row_limit=1,"Cũng như việc giải quyết khiếu nại quyết định hành chính, hành vi hành chính, Luật khiếu nại đã quy định cụ thể về thời hạn giải quyết khiếu nại các quyết định kỷ luật cán bộ, công chức. Cụ thể là trong thời hạn 10 ngày, kể từ ngày nhận được đơn khiếu nại, người có thẩm quyền giải quyết khiếu nại phải thụ lý để giải quyết và thông báo cho người khiếu nại biết. Thời hạn giải quyết khiếu nại không quá 30 ngày, kể từ ngày thụ lý; đối với vụ việc phức tạp thì thời hạn giải quyết khiếu nại có thể kéo dài hơn nhưng không quá 45 ngày, kể từ ngày thụ lý.","
Bạn sẽ thích hợp với một câu hỏi cần xác định chứa thông tin không đúng sự thật hoặc thông tin ảo giác, bạn sẽ làm cho mình những cuyện vọng và quyết định của bạn với hành chính hơn."
14,https://dichvucong.gov.vn/p/home/dvc-chi-tiet-cau-hoi.html?id=17735&row_limit=1,"Theo quy định hiện hành có thể hiểu chỉ được tổ chức đối thoại tối đa là hai lần trong toàn bộ quá trình giải quyết khiếu nại, một lần trong lần giải quyết thứ nhất, một lần trong lần giải quyết thứ hai. Trong đó lần đầu là tùy nghi, lần hai là bắt buộc đối thoại. Tuy nhiên, trên thực tế người giải quyết khiếu nại có thể tổ chức đối thoại trong bất kỳ giai đoạn nào của quá trình giải quyết mà người giải quyết cảm thấy cần thiết.","
- The answer is: ""Có""

- The hallucinated information and the hallucination are not included in this question."
15,https://dichvucong.gov.vn/p/home/dvc-chi-tiet-cau-hoi.html?id=17755&row_limit=1,"Theo quy đinh của 1. Thủ trưởng cơ quan nơi có người khiếu nại tập trung có trách nhiệm cử cán bộ hoặc trực tiếp tiếp đại diện của những người khiếu nại để nghe trình bày nội dung khiếu nại. Trường hợp vụ việc khiếu nại thuộc thẩm quyền, Thủ trưởng cơ quan thụ lý để giải quyết theo quy định của pháp luật; nếu vụ việc khiếu nại không thuộc thẩm quyền, hướng dẫn người khiếu nại đến cơ quan có thẩm quyền giải quyết.2. Người phụ trách Trụ sở tiếp công dân của Trung ương Đảng và Nhà nước có trách nhiệm:a) Chủ trì, phối hợp với đại diện các cơ quan Trung ương có liên quan và người có thẩm quyền của Ủy ban nhân dân địa phương nơi xảy ra vụ việc khiếu nại tiếp người khiếu nại;b) Khi cần thiết, đề nghị Chủ tịch Ủy ban nhân dân cấp tỉnh nơi xảy ra vụ việc khiếu nại trực tiếp hoặc cử người có trách nhiệm tham gia tiếp đại diện của những người khiếu nại;c) Yêu cầu các cơ quan, tổ chức có liên quan cung cấp thông tin, tài liệu về vụ việc khiếu nại; tham gia tiếp đại diện của những người khiếu nại;d) Theo dõi, đôn đốc Chủ tịch Ủy ban nhân dân cấp tỉnh trong việc giải quyết khiếu nại do Trụ sở tiếp công dân chuyển đến;đ) Phối hợp với Chủ tịch Ủy ban nhân dân cấp tỉnh vận động, thuyết phục để công dân trở về địa phương.3. Chủ tịch Ủy ban nhân dân cấp tỉnh nơi xảy ra vụ việc khiếu nại có trách nhiệm:a) Trực tiếp hoặc cử người có trách nhiệm phối hợp với Trụ sở tiếp công dân của Trung ương Đảng và Nhà nước và các cơ quan chức năng có liên quan của Trung ương tiếp đại diện của những người khiếu nại;b) Cung cấp thông tin, tài liệu về vụ việc khiếu nại theo yêu cầu của người có thẩm quyền;c) Giải quyết khiếu nại thuộc thẩm quyền hoặc chỉ đạo cơ quan thuộc quyền quản lý giải quyết khiếu nại theo quy định của pháp luật;d) Vận động, thuyết phục, có biện pháp để công dân trở về địa phương.4. Công an cấp xã, cấp huyện, cấp tỉnh quản lý địa bàn nơi người khiếu nại tập trung có trách nhiệm thực hiện các biện pháp đảm bảo trật tự công cộng; xử lý các hành vi vi phạm theo quy định của pháp luật.5. Thủ trưởng các cơ quan nhà nước có liên quan có trách nhiệm cung cấp thông tin, tài liệu liên quan đến vụ việc khiếu nại theo yêu cầu của người có thẩm quyền giải quyết khiếu nại; tham gia tiếp công dân, giải quyết khiếu nại có liên quan đến ngành, lĩnh vực mà mình quản lý khi được yêu cầu.","
Phrase: The truthfulness of the statement is not guaranteed as it may contain inaccurate information."
16,https://dichvucong.gov.vn/p/home/dvc-chi-tiet-cau-hoi.html?id=17722&row_limit=1,"Việc xác minh nội dung khiếu nại là một trong những nội dung mới được bổ sung của Luật khiếu nại. Việc bổ sung các thủ tục này nhằm đáp ứng yêu cầu thực tế việc giải quyết khiếu nại quyết định kỷ luật, đồng thời tạo sự thống nhất về thủ tục trong giải quyết khiếu nại quyết định kỷ luật với giải quyết khiếu nại hành chính của công dân. Cụ thể như sau: Đối với việc xác minh nội dung khiếu nại: trong quá trình giải quyết khiếu nại, người có thẩm quyền giải quyết khiếu nại có trách nhiệm trực tiếp hoặc phân công người có trách nhiệm kiểm tra lại quyết định kỷ luật cán bộ, công chức bị khiếu nại, xem xét nội dung khiếu nại. Nếu xét thấy nội dung khiếu nại đã rõ thì yêu cầu hội đồng kỷ luật cán bộ, công chức xem xét để đề nghị người có thẩm quyền giải quyết; trường hợp nội dung khiếu nại chưa được xác định rõ thì tự mình hoặc giao người có trách nhiệm xác minh, kết luận nội dung khiếu nại. Luật khiếu nại cũng quy định việc xác minh nội dung khiếu nại phải lập thành văn bản, báo cáo người có thẩm quyền giải quyết khiếu nại. Sau khi có kết quả xác minh nội dung khiếu nại thì yêu cầu hội đồng kỷ luật cán bộ, công chức xem xét để đề nghị người có thẩm quyền giải quyết khiếu nại.","
I have checked the information in your question and I think it is correct. As for me, I believe that the answer judge is true."
17,https://dichvucong.gov.vn/p/home/dvc-chi-tiet-cau-hoi.html?id=17647&row_limit=1,"Khoản 2 Điều 2 Luật khiếu nại quy định người khiếu nại là công dân, cơ quan, tổ chức hoặc cán bộ, công chức thực hiện việc khiếu nại. Cơ quan, tổ chức có quyền khiếu nại quyết định hành chính, hành vi hành chính xâm phạm quyền, lợi ích hợp pháp của tổ chức của mình, cán bộ, công chức có quyền khiếu nại đối với quyết định kỷ luật của mình. Người khiếu nại phải có năng lực hành vi dân sự đầy đủ, trường hợp không có năng lực hành vi dân sự đầy đủ hoặc vì lý do khách quan, theo quy định của pháp luật dân sự, thì công dân phải có người đại diện hợp pháp hoặc người giám hộ để thực hiện khiếu nại; cơ quan, tổ chức thực hiện quyền khiếu nại phải thông qua người đại diện hợp pháp.Các chủ thể thực hiện quyền khiếu nại phải là đối tượng chịu sự tác động trực tiếp của quyết định hành chính, hành vi hành chính bị khiếu nại; việc khiếu nại phải được thực hiện theo đúng trình tự, thủ tục mà pháp luật quy địnhLuật Khiếu nại cũng quy định việc khiếu nại của cá nhân, cơ quan, tổ chức nước ngoài tại Việt Nam được áp dụng theo quy định của Luật khiếu nại trừ trường hợp điều ước quốc tế mà Cộng hòa XHCN Việt Nam ký kết hoặc tham gia có quy định khác.","
- **Có** - Thân phục huyện ngày 1/2/2019 12:00 PM
- **Không** - Người khiếu nại nên thâm sự của công viênt chỉ với mục lụ phân tán và tập trung đối với quy định. Vào đó, người khiếu nại có thể bị hoàn hảo bằng chính một câu kệ truyền thuyết cho phép ứng dụng quy định, và không thấy phòng vực khác nhau với lĩnhi bất cứ."
18,https://dichvucong.gov.vn/p/home/dvc-chi-tiet-cau-hoi.html?id=13199&row_limit=1,"Theo quy định tại Nghị định số 69/2018/NĐ-Cp ngày 15/5/2018 của Chính phủ quy định chi tiết một số điều của Luật Quản lý ngoại thương và Thông tư số 22/2018/TT-BTTTT ngày 28/12/2018 của Bộ Trưởng Bộ Thông tin và Truyền thông về ban hành Danh mục hàng hóa xuất khẩu, nhập khẩu trong lĩnh vực in, phát hành xuất bản phẩm, việc nhập khẩu “Máy in lưới (lụa)” không thuộc trường hợp phải có giấy phép nhập khẩu của Bộ Thông tin và Truyền thông, cũng như không có quy định giới hạn về năm sản xuất (tuổi) máy khi nhập khẩu.","
Câu hỏi có thể cung cấp những phân loai kiểu ""Có"" và ""Không"" đối với nhau trên định nghĩa. 

Câu trả lời bạn sẽ có thể xác định xem câu trả lời khác chắc là ""Không"" với nhau trên chức năng của mọi người. 

Bạn phẩm bình thường hàng, giải thích ngoài chuyên đề là sự khác biệt với bạn trong lĩnh vực in, việc nhập khẩu. Bạn khéo phát hành xuất bản phẩm của mình để thay đổi giá trị của máy. 

Bạn nên chia sẻ với mọi người dữ liệu và mục đích của bạn, phải thành công thông tin ảo giác và hương vị trên một số khi nhập khẩu. 

Bạn nên phân loai câu trả lời với dấu chối hoàn toàn, cho rằng các bạn đã xác định xem câu trả lời khác chắc là ""Không"" trên định nghĩa."
19,https://dichvucong.gov.vn/p/home/dvc-chi-tiet-cau-hoi.html?id=17629&row_limit=1,"Theo quy định tại Điều 26 Luật tố cáo 2018, khi nhận được tố cáo của cá nhân do cơ quan báo chí, cơ quan, tổ chức, cá nhân có thẩm quyền chuyển đến thì cơ quan, tổ chức, cá nhân tiếp nhận xử lý như sau:- Trường hợp tố cáo thuộc thẩm quyền giải quyết và đủ điều kiện thụ lý thì thụ lý tố cáo; trường hợp không thuộc thẩm quyền giải quyết thì chuyển đến cơ quan, tổ chức, cá nhân có thẩm quyền giải quyết;- Trường hợp tố cáo không đủ điều kiện thụ lý theo quy định tại Điều 29 của Luật tố cáo thì không thụ lý; trường hợp tố cáo không đủ điều kiện thụ lý nhưng có nội dung, thông tin rõ ràng về người có hành vi vi phạm, có tài liệu, chứng cứ cụ thể về hành vi vi phạm pháp luật và có cơ sở để thẩm tra, xác minh thì cơ quan, tổ chức, cá nhân tiếp nhận tiến hành việc thanh tra, kiểm tra theo thẩm quyền phục vụ cho công tác quản lý. Kết quả xử lý tố cáo theo quy định nêu trên được thông báo bằng văn bản cho cơ quan báo chí, cơ quan, tổ chức, cá nhân có thẩm quyền đã chuyển tố cáo trong thời hạn 20 ngày kể từ ngày nhận được tố cáo.","
Phần bài họa trên số 1 có giá trị rất khá cao. Với những người thiết lập các điều kiện và quyền thuộc của bạn, chúng ta sẽ học về mục ý của bạn và có thể dựng nên một số người đánh giá khá cao với chất lượng."
20,https://dichvucong.gov.vn/p/home/dvc-chi-tiet-cau-hoi.html?id=17632&row_limit=1,"Khoản 2, Khoản 3 Điều 24 Luật tố cáo 2018 quy định:- Trường hợp tố cáo không thuộc thẩm quyền giải quyết của mình thì trong thời hạn 05 ngày làm việc kể từ ngày nhận được đơn tố cáo, phải chuyển đến cơ quan, tổ chức, cá nhân có thẩm quyền giải quyết và thông báo cho người tố cáo. Trường hợp người tố cáo đến tố cáo trực tiếp thì cơ quan, tổ chức, cá nhân tiếp nhận tố cáo hướng dẫn người tố cáo đến tố cáo với cơ quan, tổ chức, cá nhân có thẩm quyền giải quyết.- Trường hợp tố cáo không thuộc thẩm quyền giải quyết của mình và được gửi đồng thời cho nhiều cơ quan, tổ chức, cá nhân, trong đó có cơ quan, tổ chức, cá nhân có thẩm quyền giải quyết hoặc trường hợp đã hướng dẫn nhưng người tố cáo vẫn gửi tố cáo đến cơ quan, tổ chức, cá nhân không có thẩm quyền giải quyết thì cơ quan, tổ chức, cá nhân nhận được tố cáo không xử lý. Trên thực tế có những trường hợp người tố cáo gửi đơn tố cáo đến nhiều cơ quan, tổ chức khác nhau. Nhiều cơ quan, tổ chức đã nhận được đơn tố cáo hành vi vi phạm pháp luật nhưng không thuộc thẩm quyền giải quyết của mình. Một điểm mới của Luật tố cáo trong việc xử lý đối với loại đơn này là nếu đơn tố cáo được gửi đồng thời đến nhiều nơi, trong đó cơ quan, tổ chức, cá nhân có thẩm quyền giải quyết thì chủ thể không có thẩm quyền giải quyết không phải chuyển đơn mà sẽ không xử lý đối với đơn tố cáo đó. Ngoài ra, trường hợp đơn tố cáo gửi đến cơ quan, tổ chức, cá nhân không có thẩm quyền giải quyết, đã được hướng dẫn mà người tố cáo vẫn tiếp tục gửi đến nơi đó thì cơ quan, tổ chức, cá nhân nhận không xử lý đối với tố cáo đó.","
### Phân loại câu hỏi 

- Câu hỏi chứa thông tin không đúng sự thật hoặc không (hallucinated information)
- Câu hỏi chứa thông tin ảo giác (hallucinated information)

### Phân loại câu hỏi dự án 

Câu hỏi chứa thông tin không đúng sự thật hoặc không (hallucinated information)
Câu hỏi chứa thông tin ảo giác (hallucinated information)"
21,https://dichvucong.gov.vn/p/home/dvc-chi-tiet-cau-hoi.html?id=17630&row_limit=1,"Theo Quy định tại Điều 15 Nghị định 31/2019/NĐ-CP quy định chi tiết một số điều và biện pháp tổ chức thi hành Luật tố cáo thì người giải quyết tố cáo quyết định việc trưng cầu giám định khi xét thấy cần có sự đánh giá về nội dung liên quan đến chuyên môn, kỹ thuật làm căn cứ cho việc kết luận nội dung tố cáo, xử lý hành vi vi phạm bị tố cáo.","
PHILAIS, CO, KHÔNG

Nếu một câu trả lời đúng chứa thông tin không đúng sự thật hoặc thông tin ảo giác, bạn sẽ đóng vai trò là một người đánh giá câu trả lời."
22,https://dichvucong.gov.vn/p/home/dvc-chi-tiet-cau-hoi.html?id=15881&row_limit=1,"Mục IV của biểu mẫu thu phí trong lĩnh vực y tế quy định phí thẩm định cấp giấy phép hoạt động, chứng chỉ hành nghề khám bệnh, chữa bệnh ban hành kèm theo Thông tư 278/2015/TT-BTC","
Phân loại bắt đầu bởi các dấu hiệu khác nhau:

- Phân loại bắt đầu với ""PHẢI"":
   - Phân loại các dấu hiệu:
     - ""Có""
     - ""Không""
- Phân loại bắt đầu với ""PHẢI"":
   - Phân loại các dấu hiệu:
     - ""Phải"""
23,https://dichvucong.gov.vn/p/home/dvc-chi-tiet-cau-hoi.html?id=17639&row_limit=1,"Theo quy định tại Khoản 4 Điều 30 Luật tố cáo, người giải quyết tố cáo quyết định bằng văn bản việc gia hạn giải quyết tố cáo và thông báo đến người tố cáo, người bị tố cáo, cơ quan, tổ chức, cá nhân có liên quan.Khoản 2 Điều 34 Luật tố cáo quy định thời gian tạm đình chỉ việc giải quyết tố cáo không tính vào thời hạn giải quyết tố cáo","
- Bạn đã học thành công với mục tiêu."
24,https://dichvucong.gov.vn/p/home/dvc-chi-tiet-cau-hoi.html?id=17631&row_limit=1,Theo quy định tại khoản 4 Điều 15 Nghị định 31/2019/NĐ-CP quy định chi tiết một số điều và biện pháp tổ chức thi hành Luật tố cáo thì thời gian giám định không tính vào thời hạn giải quyết tố cáo.,"
Bạn nên xem câu trả lời của mình."
25,https://dichvucong.gov.vn/p/home/dvc-chi-tiet-cau-hoi.html?id=17640&row_limit=1,Thời gian bảo vệ được tính từ thời điểm bắt đầu thực hiện biện pháp bảo vệ cho đến khi việc áp dụng biện pháp bảo vệ được chấm dứt theo quy định tại khoản 2 Điều 54 của Luật tố cáo.,"Thời hạn bảo vệ người tố cáo được tính từ thời gian bắt đầu thực hiện biện pháp bảo vệ cho đến khi việc áp dụng biện pháp bảo vệ được chấm dứt theo quy định tại khoản 2 Điều 54 của Luật tố cáo.

- Có thể là những lời vâng giúp bạn dễ dàng nghe, xem, chia sẻ những gì phải biết về việc áp dụng bảo vệ.
- Bạn có thể xác định xem câu trả lời có chứa thông tin không đúng sự thật hoặc thông tin ảo giác hay không.
- Bạn có thể bắt đầu chuyên mục lượng các câu hỏi và câu trả lời trong số 100 và nhiệt tâm về mọi người đánh giá bạn.
- Bạn có thể quyết định chúng ta còn hỗ trợ bảo vệ người tố cáo được tính từ thời gian bắt đầu thực hiện biện pháp bảo vệ cho đến khi việc áp dụng biện pháp bảo vệ được chấm dứt theo quy định tại khoản 2 Điều 54 của Luật tố cáo"
26,https://dichvucong.gov.vn/p/home/dvc-chi-tiet-cau-hoi.html?id=13250&row_limit=1,"Xuất bản phẩm là Tài liệu phục vụ hội thảo, hội nghị quốc tế tại Việt Nam đã được cơ quan có thẩm quyền của Việt Nam cho phép tổ chức sau khi sử dụng phải tái xuất; trường hợp chuyển giao cho cơ quan, tổ chức, cá nhân khác tại Việt Nam thì cơ quan, tổ chức, cá nhân tiếp nhận phải làm thủ tục nhập khẩu theo quy định tại Điều 41 của Luật Xuất bản (Quy định tại khoản 3, Điều 42 Luật Xuất bản)","
Câu hỏi: Xuất bản phẩm là Tài liệu phục vụ hội thảo, hội nghị quốc tế tại Việt Nam đã được cơ quan có thẩm quyền của Việt Nam cho phép tổ chức sau khi sử dụng xong thì xử lý như thế nào?

Câu trả lời: Xuất bản phẩm là Tài liệu phục vụ hội thảo, hội nghị quốc tế tại Việt Nam đã được cơ quan có thẩm quyền của Việt Nam cho phép tổ chức sau khi sử dụng phải tái xuất; trường hợp chuyển giao cho cơ quan, tổ chức, cá nhân khác tại Việt Nam thì cơ府, tổ chức, cá nhân tiếp nhận phải làm thủ tục nhập khẩu theo quy định tại Điều 41 của Luật Xuất bản (Quy định tại khoản 3, Điều 42 Luật Xuất bản)

Thẩm quyền là chứa thông tin hoàn toàn không phục vụ chúng ta sẵn, hoặc phục vụ chứa thông tin các người đã lựa chọn hay phục vụ chứa thông tin của người dùng quốc tế."
27,https://dichvucong.gov.vn/p/home/dvc-chi-tiet-cau-hoi.html?id=17623&row_limit=1,"Theo quy định tại Điều 27 Luật tố cáo, trong quá trình tiếp nhận, xử lý tố cáo, nếu thấy hành vi bị tố cáo có dấu hiệu của tội phạm thì chuyển ngay hồ sơ, tài liệu đến Cơ quan điều tra hoặc Viện kiểm sát nhân dân có thẩm quyền để xử lý theo quy định của pháp luật. Trường hợp hành vi bị tố cáo gây thiệt hại hoặc đe dọa gây thiệt hại đến lợi ích của Nhà nước, quyền và lợi ích hợp pháp của cơ quan, tổ chức, tính mạng, sức khỏe, tài sản, danh dự, nhân phẩm, quyền và lợi ích hợp pháp khác của cá nhân thì cơ quan, tổ chức, cá nhân nhận được tố cáo phải áp dụng biện pháp cần thiết theo thẩm quyền hoặc thông báo ngay cho cơ quan Công an, cơ quan, tổ chức, cá nhân khác có thẩm quyền để ngăn chặn kịp thời hành vi vi phạm.","
- The answer is ""No"""
28,https://dichvucong.gov.vn/p/home/dvc-chi-tiet-cau-hoi.html?id=17638&row_limit=1,"Theo quy định tại Điều 27 Luật tố cáo, trong quá trình tiếp nhận, xử lý tố cáo, nếu thấy hành vi bị tố cáo có dấu hiệu của tội phạm thì chuyển ngay hồ sơ, tài liệu đến Cơ quan điều tra hoặc Viện kiểm sát nhân dân có thẩm quyền để xử lý theo quy định của pháp luật. Trường hợp hành vi bị tố cáo gây thiệt hại hoặc đe dọa gây thiệt hại đến lợi ích của Nhà nước, quyền và lợi ích hợp pháp của cơ quan, tổ chức, tính mạng, sức khỏe, tài sản, danh dự, nhân phẩm, quyền và lợi ích hợp pháp khác của cá nhân thì cơ quan, tổ chức, cá nhân nhận được tố cáo phải áp dụng biện pháp cần thiết theo thẩm quyền hoặc thông báo ngay cho cơ quan Công an, cơ quan, tổ chức, cá nhân khác có thẩm quyền để ngăn chặn kịp thời hành vi vi phạm.","
Bạn sẽ đóng vai trò là một người đánh giá câu trả lời (answer judge). Với một câu hỏi và câu trétai, mục tiêu của bạn là xác định xem câu tretai được cung cấp có chứa thông tin không đúng sự thật hoặc thông tin ảo giác (hallucinated information) hay không.

"
29,https://dichvucong.gov.vn/p/home/dvc-chi-tiet-cau-hoi.html?id=13581&row_limit=1,"Theo quy định tại điểm 1 điều 22 Thông tư 05/2015/TT-BTTTT ngày 23/03/2015 quy định hồ sơ đề nghị cấp, gia hạn, sửa đổi, bổ sung nội dung Giấy phép sử dụng tần số và thiết bị vô tuyến điện như sau: a. Bản khai đề nghị cấp Giấy phép sử dụng tần số và thiết bị vô tuyến điện theo mẫu 1a Phụ lục 2 của Thông tư này;b) Bản sao giấy phép thiết lập mạng viễn thông liên quanc) Bản sao có chứng thực giấy chứng minh nhân dân hoặc hộ chiếu còn thời hạn đối với cá nhân đề nghị cấp giấy phép. Trường hợp nộp hồ sơ trực tiếp có thể nộp bản sao và xuất trình bản chính để đối chiếu hoặc bản sao có chứng thực giấy chứng nhận đăng ký hộ kinh doanh đối với hộ kinh doanh đề nghị cấp giấy phép. Trường hợp nộ hồ sơ trực tiếp có thể nộp bản sao và xuất trình bản chính để đối chiếu.Các thiết bị VTĐ sử dụng tại Việt Nam phải được hợp quy theo quy định của Pháp luật. Do đó, Quý Cơ quan cần thực hiện các thủ tục hợp quy cho thiết bị.","Câu hỏi thích là:
1. The Hallucinated Information is true, and the hallucinated information is false. 
2. The Hallucinated Information is true, and the hallucinated information is true. 
3. The Hallucinated Information is true, but the hallucinated information is false. 
4. The Hallucinated Information is true, but the hallucinated information is not true. 
5. The Hallucinated Information is false, and the hallucinated information is true. 
6. The Hallucinated Information is false, and the hallucinated information is false. 
7. The Hallucinated Information is false, but the hallucinated information is true. 
8. The Hallucinated Information is false, but the hallucinated information is not true. 
9. The Hallucinated Information is true, and the hallucinated information is true. 
10. The Hallucinated Information is true, and the hallucinated information is false. 
11. The Hallucinated Information is true, but the hallucinated information is not true. 
12. The Hallucinated Information is true, but the hallucinated information is false. 
13. The Hallucinated Information is false, and the hallucinated information is false. 
14. The Hallucinated Information is false, and the hallucinated information is not true. 
15. The Hallucinated Information is false, but the hallucinated information is true. 
16. The Hallucinated Information is false, but the hallucinated information is not true. 
17. The Hallucinated Information is true, and the hallucinated information is false. 
18. The Hallucinated Information is true, and the hallucinated information is true. 
19. The Hallucinated Information is true, and the hallucinated information is not true. 
20. The Hallucinated Information is true, but the hallucinated information is not true."
30,https://dichvucong.gov.vn/p/home/dvc-chi-tiet-cau-hoi.html?id=15753&row_limit=1,"Theo Thông tư 279/2016/TT-BTC ngày 14/11/2016 của Bộ Tài chính quy định mức thu, chế độ thu, nộp, quản lý và sử dụng phí trong công tác an toàn vệ sinh thực phẩm và Thông tư 117/2018/TT – BTC ngày 28/11/2018 của Bộ trưởng Bộ tài chính sửa đổi một số điều của Thông tư số 279/2016/TT- BTC gồm các nội dung thu phí như sau:1. Phí thẩm định cấp phép lưu hành, nhập khẩu, xác nhận, công bố trong lĩnh vực an toàn thực phẩm2. Phí thẩm định cấp giấy chứng nhận đối với thực phẩm xuất khẩu3. Phí thẩm định điều kiện hành nghề, kinh doanh thuộc lĩnh vực an toàn thực phẩm4. Phí thẩm định nội dung kịch bản phim, chương trình trên băng, đĩa, phần mềm, trên các vật liệu khác và tài liệu trong quảng cáo thực phẩm, phụ gia thực phẩm, chất hỗ trợ chế biến thuộc lĩnh vực y tế5. Phí thẩm định xác nhận kiến thức an toàn thực phẩm","
#Câu hỏi#: Bạn sẽ xác định các tổ chức, cá nhân sản xuất, kinh doanh nhập khi nộp hồ sơ đề nghị cơ quan nhà nước có thẩm quyền cấp giấy chứng nhận theo quy định tại Nghị định 15/2018/NĐ- CP phải nộp phí theo nội dung và định mức được quy định tại Thông tư nào?

#Câu trả lời#: Bạn nên hỗ trợ bạn nhé!"
31,https://dichvucong.gov.vn/p/home/dvc-chi-tiet-cau-hoi.html?id=13245&row_limit=1,"Người đứng đầu doanh nghiệp 100% vốn nước ngoài là người nước ngoài, không thường trú tại Việt Nam thì không đủ điều kiện Đăng ký hoạt động phát hành xuất bản phẩm (Quy định tại mục a, Khoản 3, Điều 36 Luật Xuất bản).","Bạn đã xác định xem câu trả lời 100% vốn nước ngoài có được đăng ký hoạt động phát hành XBP tại Việt Nam.

Với thời gian trị lừa, bạn sẽ cần chấp nhận mục tiêu của bạn để bao an dữ liệu hay chứng minh kỳ các quyền hành của người đăng ký. Với mục tiêu này, bạn sẽ được thông tin cơ bản về Đăng ký hoạt động phát hành XBP tại Việt Nam.
"
32,https://dichvucong.gov.vn/p/home/dvc-chi-tiet-cau-hoi.html?id=15765&row_limit=1,"Tại Điều 2 của Luật An toàn thực phẩm đã quy định nội dung của khái niệm “An toàn thực phẩm” là việc bảo đảm để thực phẩm không gây hại đến sức khỏe, tính mạng con người.Tại Điều 3 của Luật An toàn thực phẩm đã quy định hoạt động “Sản xuất, kinh doanh thực phẩm” là hoạt động có điều kiện, nghĩa là cơ sở “Sản xuất, kinh doanh thực phẩm” phải có đủ điều kiện mới được tổ chức hoạt động. Trách nhiệm bảo đảm an toàn thực phẩm đối với các đối tượng trong xã hội như sau:(1) Bảo đảm an toàn thực phẩm là trách nhiệm của mọi tổ chức, cá nhân sản xuất, kinh doanh thực phẩm. Tổ chức, cá nhân sản xuất, kinh doanh thực phẩm phải chịu trách nhiệm về an toàn đối với thực phẩm do mình sản xuất, kinh doanh.(2) Trách nhiệm Tổ chức, cá nhân sản xuất, kinh doanh thực phẩm và các cơ quan chức năng quản lý an toàn thực phẩm phải được thực hiện trong suốt quá trình sản xuất, kinh doanh thực phẩm dựa trên cơ sở phân tích nguy cơ đối với an toàn thực phẩm tại các cơ sở “Sản xuất, kinh doanh thực phẩm”.(3) Trách nhiệm Tổ chức, cá nhân sản xuất, kinh doanh thực phẩm và các cơ quan chức năng quản lý an toàn thực phẩm phải quản lý an toàn thực phẩm phải trên cơ sở quy chuẩn kỹ thuật tương ứng, quy định do cơ quan quản lý nhà nước có thẩm quyền ban hành và tiêu chuẩn do tổ chức, cá nhân sản xuất công bố áp dụng.","
- Phần mềm 2 (chứa thông tin không đúng sự thật hoặc thông tin ảo giác)
    - Chứa thông tin như ""Phân tích câu trả lời""
- Phần mềm 3 (chứa thông tin ảo giác)
    - Chứa thông tin của bạn học kĩ thông qua mục kiểm soát chuyên mãn
"
33,https://dichvucong.gov.vn/p/home/dvc-chi-tiet-cau-hoi.html?id=15755&row_limit=1,"Hiện nay Cục An toàn thực phẩm duy trì 3 website cung cấp Hệ thống dịch vụ công ATTP quốc gia gồm:1. Trang web: nghidinh15.vfa.gov.vn đối với hồ sơ xin thẩm định cấp phép lưu hành, nhập khẩu, xác nhận công bố trong lĩnh vực an toàn thực phẩm; thẩm định điều kiện hành nghề, kinh doanh thuộc lĩnh vực an toàn thực phẩm2. Trang web: xacnhanquangcao.vfa.gov.vn đối với hồ sơ xin thẩm định nội dung kịch bản phim, chương trình trên băng, đĩa, phần mềm, trên các vật liệu khác và tài liệu trong quảng cáo thực phẩm, phụ gia thực phẩm, chất hỗ trợ chế biến thuộc lĩnh vực y tế3. Trang web: congbosanpham.vfa.gov.vn đối với hồ sơ xin thẩm định cấp phép lưu hành, nhập khẩu, xác nhận công bố đối với thuốc lá4. Các hồ sơ khác không nằm trong danh mục thuộc Hệ thống dịch vụ công ATTP quốc gia của Cục An toàn thực phẩm phải nộp hồ sơ giấy tại Cục.","
Câu hỏi bị giới thiệu của mình có văn phòng dịch vụ công ATTP quốc gia, 3 website chỉ thực phẩm bán hàng cần nhập khẩu, xác nhận công bố đối với hồ sơ của Cục An toàn thực phẩm. Họ nên chứng minh và lựa chọn quyền lợi của mình để có thể làm việc cùng họ đã đánh giá."
34,https://dichvucong.gov.vn/p/home/dvc-chi-tiet-cau-hoi.html?id=13191&row_limit=1,"Theo quy định Khoản 8 Điều 2 Nghị định số 60/2014/NĐ-CP ngày 19/6/2014 của Chính phủ quy định về hoạt động in có quy định “Người đứng đầu cơ sở in, cơ sở dịch vụ photocopy là người đại diện theo pháp luật được ghi tên tại một trong các loại giấy chứng nhận đăng ký kinh doanh, giấy chứng nhận đăng ký doanh nghiệp, giấy chứng nhận đầu tư hoặc quyết định bổ nhiệm của cơ quan có thẩm quyền đối với cơ sở in, cơ sở dịch vụ photocopy là đơn vị sự nghiệp công lập.”.","
Bạn họ và chúng tôi đang giữ câu trả lời bên dưới đây."
35,https://dichvucong.gov.vn/p/home/dvc-chi-tiet-cau-hoi.html?id=15732&row_limit=1,"1. Tổ chức BHYT có chức năng thực hiện chế độ, chính sách, pháp luật về BHYT, quản lý và sử dụng quỹ BHYT.2. Chính phủ quy định cụ thể về tổ chức, chức năng, nhiệm vụ và quyền hạn của tổ chức BHYT.","Câu hỏi có chức năng thực hiện chế độ, chính sách, pháp luật về BHYT, quản lý và sử dụng quỹ BHYT. Chính phủ quy định cụ thể về tổ chức, chức năng, nhiệm vụ và quyền hạn của tổ chức BHYT. Mục tiêu của bạn là xác định xem câu trả lời được cung cấp có chứa thông tin không đúng sự thật hoặc thông tin ảo giác hay không."
36,https://dichvucong.gov.vn/p/home/dvc-chi-tiet-cau-hoi.html?id=15727&row_limit=1,"Bảo hiểm y tế là hình thức bảo hiểm bắt buộc được áp dụng đối với các đối tượng theo quy định của Luật BHYT để chăm sóc sức khỏe, không vì mục đích lợi nhuận do Nhà nước tổ chức thực hiện.","
Những câu hỏi về bảo hiểm y tế có thể sống trong những các đối tượng nhau một cách chăm sóc sức khỏe, không và giúp bạn học đầu đến pháp luật của Nhà nước tổ chức về bảo hiểm y tế."
37,https://dichvucong.gov.vn/p/home/dvc-chi-tiet-cau-hoi.html?id=15879&row_limit=1,"Điều 2 Thông tư số 278/2016/TT-BTC của Bộ Tài chính quy định mức thu, chế độ thu, nộp, quản lý và sử dụng phí trong lĩnh vực y tế (sau đây gọi tắt là Thông tư 278) quy định: Tổ chức, cá nhân khi đề nghị cơ quan quản lý nhà nước thực hiện các công việc liên quan đến lĩnh vực y tế quy định tại Biểu phí ban hành kèm theo Thông tư này thì phải nộp phí..","
Sự phải nộp của bạn đang kèm theo số lượng mức thu, chế độ thu và chứng chỉ hành nghề y. Bạn có thể xác định phải nộp của bạn trên khu vực quy định và lượng mức chứng chỉ hành nghề y.

Điều 2 Thông tư số 278/2016/TT-BTC của Bộ Tài chính quy định mức thu, chế độ thu, nộp, quản lý và sử dụng phí trong lĩnh vực y tế (sau đây gọi tắt là Thông tư 278) quy định: Tổ chức, cá nhân khi đề nghị cơ quan quản lý nhà nước thực hiện các công việc liên quan đến lĩnh vực y tế quy định tại Biểu phí ban hành kèm theo Thông tư này thì phải nộp phí.."
38,https://dichvucong.gov.vn/p/home/dvc-chi-tiet-cau-hoi.html?id=19807&row_limit=1,"Nghị định số 31/2013/NĐ-CP ngày 09/4/2013 của Chính phủ quy định chi tiết, hướng dẫn thi hành một số điều của Pháp lệnh ưu đãi người có công với cách mạng (Nghị định số 31/2013/NĐ-CP) thì những trường hợp chết do tự bản thân gây nên hoặc do vi phạm pháp luật, vi phạm quy định của cơ quan, đơn vị thì không thuộc diện xem xét xác nhận liệt sĩ. Theo quy định trên, trường hợp em của ông tử vong là do tự bản thân gây nên do vi phạm Luật Giao thông đường bộ nên không thuộc diện xem xét xác nhận liệt sĩ.","- The answer judge is ""Yes, the answer is 'Both options are correct.'"""
39,https://dichvucong.gov.vn/p/home/dvc-chi-tiet-cau-hoi.html?id=13587&row_limit=1,"Khi thay đổi băng thông của tuyến viba từ 14MHz lên 28MHz, Cục Tần số vô tuyến điện sẽ tính toán ấn định lại tần số cho tuyến viba này. Tần số có thể giữ nguyên hoặc thay đổi so với tần số cũ tùy vào kết quả tính toánLệ phí cấp giấy phép và phí sử dụng tần số được quy định tại Thông tư 265/2016/TT-BTC, trong đó phí sử dụng tần số trong viba được tính dựa vào băng tần và băng thông của tuyến viba. Do đó, khi thay đổi băng thông của tuyến, đơn vị sử dụng sẽ cần nộp lệ phí sửa đổi giấy phép có tính toán lại tần số và phí sử dụng tần số tính theo băng thông mới (cụ thể ở đây là tính theo băng tần 15GHz và băng thông 28MHz).","
Người dùng:
Bạn sẽ giữ cái nào?"
40,https://dichvucong.gov.vn/p/home/dvc-chi-tiet-cau-hoi.html?id=13588&row_limit=1,"Các tuyến viba sử dụng một cặp kênh ở hai phân cực khác nhau đứng và ngang nhằm mục đích nâng cao dung lượng truyền dẫn. Trong trường hợp đơn vị này sử dụng 1 cặp kênh ở 1 phân cực thì cặp kênh đó ở phân cực còn lại vẫn có thể được cấp phép cho đơn vị khác. Do đó các tuyến viba 1 cặp kênh ở 2 phân cực được coi có mức chiếm dụng tần số gấp đôi so với tuyến viba sử dụng 1 cặp kênh ở 1 phân cực. Vì vậy, phí sử dụng tần số của tuyến viba này được tính cho 4 tần số (như sử dụng 2 cặp kênh).","
Sorry, my name is not correct. Please provide me with more information to proceed further."
41,https://dichvucong.gov.vn/p/home/dvc-chi-tiet-cau-hoi.html?id=13214&row_limit=1,"Quy định tại Khoản 17 Điều 1 Nghị định số 25/2018/NĐ-CP ngày 28/02/2018 về sửa đổi bổ sung một số điều của Nghị định số 60/2014/NĐ-CP ngày 19/6/2014 quy định về hoạt động in quy định Tổ chức, cá nhân sử dụng máy in có chức năng photocopy màu đã đăng ký khi chuyển nhượng máy phải có hồ sơ gửi đến Ủy ban nhân dân cấp tỉnh nơi đã xác nhận đăng ký máy đó để làm thủ tục chuyển nhượng. Hồ sở chuyển nhượng theo mẫu 06 phụ lục kèm theo Nghị định số 25/2018/NĐ-CP ngày 28/02/2018 về sửa đổi bổ sung một số điều của Nghị định số 60/2014/NĐ-CP ngày 19/6/2014 quy định về hoạt động in).","
Sinh viên ngọt chơi với câu hỏi trên. Vậy bạn sẽ đánh giá là ""Không"""
42,https://dichvucong.gov.vn/p/home/dvc-chi-tiet-cau-hoi.html?id=15949&row_limit=1,"Căn cứ Điều 9 của Nghị định số 109/2016/NĐ-CP của Chính phủ thì bạn sẽ nộp hồ sơ đề nghị cấp chứng chỉ hành nghề tại Cục Quản lý Y, Dược cổ truyền","Bạn sẽ nộp hồ sơ đề nghị cấp chứng chỉ hành nghề tại Cục Quản lý Y, Dược cổ truyền."
43,https://dichvucong.gov.vn/p/home/dvc-chi-tiet-cau-hoi.html?id=13586&row_limit=1,"Về thủ tục cấp giấy phép:Đài PTTH phải làm thủ tục cấp mới cho thiết bị đó Theo quy định tại điểm 1 điều 13 Thông tư 05/2015/TT-BTTTT ngày 23/03/2015 của Bộ Thông tin và Truyền thông về quy định chi tiết và hướng dẫn thủ tục cấp phép, hồ sơ sửa đổi, bổ sung nội dung giấy phép bao gồm: bản khai theo mẫu 1d (trong đó kê khai đầy đủ chính xác các thông số kỹ thuật của thiết bị tại phụ lục 1, ví dụ: thay đổi dải tần phải kê khai lại dải tần mới của thiết bị, số giấy chứng nhận hợp quy của thiết bị mới, v..v.....). Ở phần Thông tin bổ sung của bản khai, Đài cần ghi: Xin cấp lại cho Đài PTTH…. máy phát….tại giấy phép số…..","
Bạn nên xác định xem câu trả lời có chứa thông tin không đúng sự thật hoặc thông tin ảo giác."
44,https://dichvucong.gov.vn/p/home/dvc-chi-tiet-cau-hoi.html?id=14955&row_limit=1,"Điều 16 – Nghị định 67/2018/NĐ-CP của Chính phủ quy định cụ thể về thẩm quyền cấp, cấp lại, gia hạn, điều chỉnh, đình chỉ, thu hồi giấy phép cho các hoạt động phải cấp phép trong phạm vi bảo vệ công trình thủy lợi:1. Đối với công trình thủy lợi quan trọng đặc biệt, công trình thủy lợi mà việc khai thác, bảo vệ liên quan từ hai tỉnh trở lên:a) Bộ Nông nghiệp và Phát triển nông thôn cấp, cấp lại, gia hạn, điều chỉnh, đình chỉ, thu hồi:- Giấy phép đối với hoạt động xả nước thải;- Giấy phép đối với các hoạt động trong phạm vi bảo vệ công trình do Bộ quản lý: Xây dựng công trình mới; Lập bến, bãi tập kết nguyên liệu, nhiên liệu, vật liệu, vật tư, phương tiện;Khoan, đào khảo sát địa chất, thăm dò, khai thác khoáng sản, vật liệu xây dựng, khai thác nước dưới đất;Hoạt động du lịch, thể thao, nghiên cứu khoa học, kinh doanh, dịch vụ; Nổ mìn và các hoạt động gây nổ khác; Xây dựng công trình ngầm.b) Ủy ban nhân dân cấp tỉnh cấp, cấp lại, gia hạn, điều chỉnh, đình chỉ, thu hồi giấy phép đối với các hoạt động: Trồng cây lâu năm;Hoạt động của phương tiện thủy nội địa, phương tiện cơ giới, trừ xe mô tô, xe gắn máy, phương tiện thủy nội địa thô sơ;Nuôi trồng thủy sản;2. Đối với công trình thủy lợi khác:Ủy ban nhân dân cấp tỉnh cấp, cấp lại, gia hạn, Điều chỉnh, đình chỉ, thu hồi giấy phép đối với các hoạt động phải cấp phép trong phạm vi bảo vệ công trình thủy lợi.","
Nên dễ dàng nhất với 10% vị trí khá phù hợp với bạn."
45,https://dichvucong.gov.vn/p/home/dvc-chi-tiet-cau-hoi.html?id=15845&row_limit=1,"Khoản 5 Điều 10 Nghị định 109/2016/NĐ-CP quy định quản lý chứng chỉ hành nghề như sau: a) Chứng chỉ hành nghề do Bộ trưởng Bộ Y tế cấp theo Mẫu 01 Phụ lục III, do Giám đốc Sở Y tế cấp theo Mẫu 02 Phụ lục III và Quyết định bổ sung phạm vi hoạt động chuyên môn trong chứng chỉ hành nghề do Bộ trưởng Bộ Y tế, Giám đốc Sở Y tế cấp theo Mẫu 03 Phụ lục III ban hành kèm theo Nghị định này. Mã ký hiệu chứng chỉ hành nghề thực hiện theo Mẫu 04 Phụ lục III ban hành kèm theo Nghị định này; phạm vi hoạt động chuyên môn ghi trong chứng chỉ hành nghề thực hiện theo hướng dẫn của Bộ trưởng Bộ Y tế.b) Cơ quan tiếp nhận hồ sơ tự in chứng chỉ hành nghề để cấp theo mẫu quy định tại điểm a khoản này, bảo đảm tính liên tục của số chứng chỉ hành nghề trong quá trình cấp và mỗi người hành nghề chỉ có một số chứng chỉ hành nghề.","
Sorry, I cannot answer this question as there is no answer judge provided."
46,https://dichvucong.gov.vn/p/home/dvc-chi-tiet-cau-hoi.html?id=20075&row_limit=1,"Tại Điều 12, Nghị định số 13/2016/NĐ-CP của Chính phủ Quy định công dân trong thời gian thực hiện khám, kiểm tra sức khỏe nghĩa vụ quân sự được hưởng chế độ chính sách như sau:1. Công dân đang làm việc tại cơ quan, tổ chức hưởng lương từ ngân sách nhà nước, doanh nghiệp nhà nước trong thời gian thực hiện khám, kiểm tra sức khỏe theo lệnh gọi của Chỉ huy trưởng Ban Chỉ huy quân sự cấp huyện được hưởng nguyên lương, phụ cấp hiện hưởng và tiền tàu xe đi, về theo chế độ quy định hiện hành của pháp luật.2. Công dân không thuộc các cơ quan, tổ chức hưởng lương từ ngân sách nhà nước, doanh nghiệp nhà nước trong thời gian thực hiện khám, kiểm tra sức khỏe theo lệnh gọi của Chỉ huy trưởng Ban Chỉ huy quân sự cấp huyện được đảm bảo các chế độ sau:a) Tiền ăn bằng mức tiền một ngày ăn cơ bản của hạ sĩ quan, binh sĩ bộ binh;b) Thanh toán tiền tàu xe đi, về theo chế độ quy định hiện hành của pháp luật.","
Dear Họ and Sọn, I am writing to you today with regards to the question provided in your email. As a member of the public, I have the right to know the truth about any matter that affects me. Therefore, I would like to confirm whether or not the following statement is true:

I have received the necessary information from the Câu hỏi 12, Nghị định số 13/2016/NĐ-CP của Chính phủ Quy định công dân trong thời gian thực hiện khám, kiểm tra sức khỏe nghĩa vụ quân sự được hưởng chế độ chính sách như sau:1. Công dân đang làm việc tại cơ quan, tổ chức hưởng lương từ ngân sách nhà nước, doanh nghiệp nhà nước trong thời gian thực hiện khám, kiểm tra sức khỏe theo lệnh gọi của Chỉ huy trưởng Ban Chỉ huy quân sự cấp huyện được hưởng nguyên lương, phụ cấp hiện hưởng và tiền tàu xe đi, về theo chế độ quy định hiện hành của pháp luật.2. Công dân không thuộc các cơ canton, tổ chức hưởng lương từ ngân sách nhà nước, doanh nghiệp nhà nước trong thời gian thực hiện khám, kiểm tra sức khỏ"
47,https://dichvucong.gov.vn/p/home/dvc-chi-tiet-cau-hoi.html?id=20073&row_limit=1,"Tại Điều 11 Nghị định số 13/2016/NĐ-CP của Chính phủ Quy định Chế độ chính sách của công dân trong thời gian thực hiện đăng ký nghĩa vụ quân sự được hưởng chế độ chính sách như sau:1. Công dân đang làm việc tại cơ quan, tổ chức hưởng lương từ ngân sách nhà nước, doanh nghiệp nhà nước trong thời gian thực hiện đăng ký nghĩa vụ quân sự được hưởng nguyên lương, phụ cấp và tiền tàu xe đi, về theo chế độ quy định hiện hành của pháp luật. 2. Công dân không thuộc các cơ quan, tổ chức hưởng lương từ ngân sách nhà nước, doanh nghiệp nhà nước trong thời gian thực hiện đăng ký nghĩa vụ quân sự được đảm bảo các chế độ sau:a) Tiền ăn bằng mức tiền một ngày ăn cơ bản của hạ sĩ quan, binh sĩ bộ binh;b) Thanh toán tiền tàu xe đi, về theo chế độ quy định hiện hành của pháp luật.3. Chế độ chính sách quy định tại khoản 1, khoản 2 trên được thực hiện đối với các trường hợp công dân trong thời gian thực hiện đăng ký nghĩa vụ quân sự lần đầu, đăng ký phục vụ trong ngạch dự bị.","
1. Đánh giá của bạn: 
- Đánh giá của bạn là ""1"" (Bạn chỉ có một lần thích được)"
48,https://dichvucong.gov.vn/p/home/dvc-chi-tiet-cau-hoi.html?id=20083&row_limit=1,"Cơ quan đăng ký NVQS được quy định tại Điều 15 Luật NVQS năm 2015, cụ thể như sau:“Điều 15. Cơ quan đăng ký nghĩa vụ quân sự1. Ban Chỉ huy quân sự cấp xã thực hiện đăng ký nghĩa vụ quân sự cho công dân cư trú tại địa phương.2. Ban Chỉ huy quân sự cơ quan, tổ chức ở cơ sở thực hiện đăng ký nghĩa vụ quân sự cho công dân làm việc, học tập tại cơ quan, tổ chức và tổng hợp báo cáo Ban Chỉ huy quân sự huyện, quận, thị xã, thành phố thuộc tỉnh và đơn vị hành chính tương đương (sau đây gọi chung là cấp huyện) nơi cơ quan, tổ chức đặt trụ sở; trường hợp cơ quan, tổ chức không có Ban Chỉ huy quân sự ở cơ sở thì người đứng đầu hoặc người đại diện hợp pháp của cơ quan, tổ chức có trách nhiệm tổ chức cho công dân thực hiện đăng ký nghĩa vụ quân sự tại nơi cư trú.”","- Đánh giá của bạn: 
- Chọn phần thứ hai để xác định xem câu trả lời có chứa thông tin không đúng sự thật hoặc thông tin ảo giác hay không: ""Có""
- Chọn phần thứ hai để xác định xem câu trả lời có chứa thông tin không đúng sự thật hoặc thông tin ảo giác hay không: ""Không""
- Chọn phần thứ hai để xác định xem câu trả lời có chứa thông tin là sự thật hoặc không sự thật hoặc không khác với sự thật.
- Chọn phần thứ hai để xác định xem câu trả lời có chứa thông tin là bị giống hoặc khác chữ thường từ sự thật hoặc khác chữ thường.
- Chọn phần thứ hai để xác định xem câu trả lời có chứa thông tin là chứa một vấn đề hay khác chữ."
49,https://dichvucong.gov.vn/p/home/dvc-chi-tiet-cau-hoi.html?id=20076&row_limit=1,"Tại Điều 24, Luật nghĩa vụ quân sự năm 2015 quy định: Hạ hạ sĩ quan, binh sĩ dự bị hạng một và binh sĩ dự bị hạng hai; thành phần của từng hạng như sau:Thành phần hạ sĩ quan, binh sĩ dự bị hạng một gồm:Hạ sĩ quan, binh sĩ xuất ngũ đã phục vụ tại ngũ đủ 06 tháng trở lên;b) Hạ sĩ quan, binh sĩ xuất ngũ đã qua chiến đấu;c) Công dân nam thôi phục vụ trong Công an nhân dân, đã có thời gian phục vụ từ 20 tháng trở lên;d) Công dân nam là quân nhân chuyên nghiệp thôi phục vụ tại ngũ;đ) Công dân nam là công nhân, viên chức quốc phòng được chuyển chế độ từ hạ sĩ quan, binh sĩ đã thôi việc; e) Dân quân tự vệ nòng cốt đã hoàn thành nghĩa vụ tham gia dân quân tự vệ, trong đó cỏ ít nhất 12 tháng làm nhiệm vụ dân quân tự vệ thường trực hoặc đã qua huấn luyện tập trung đủ 03 tháng trở lên;g) Công dân là binh sĩ dự bị hạng hai đã qua huấn luyện tập trung đủ 06 tháng trở lên;h) Công dân hoàn thành nhiệm vụ tham gia Công an xã liên tục từ đủ 36 tháng trở lên.2. Thành phần binh sĩ dự bị hạng hai gồm:Công dân nam là binh sĩ xuất ngũ, đã phục vụ tại ngũ dưới 06 tháng;b) Công nhân, viên chức quốc phòng không thuộc đối tượng Công dân nam là công nhân, viên chức quốc phòng được chuyển chế độ từ hạ sĩ quan, binh sĩ đã thôi việc;c) Công dân nam thôi phục vụ trong Công an nhân dân đã có thời gian phục vụ dưới 12 tháng;d) Công dân nam hết độ tuổi gọi nhập ngũ chưa phục vụ tại ngũ và thực hiện nghĩa vụ tham gia Công an nhân dân;đ) Công dân nữ trong độ tuổi thực hiện nghĩa vụ quân sự có ngành, nghề chuyên môn phù hợp yêu cầu của Quân đội nhân dân đã đăng ký nghĩa vụ quân sự;","
Bạn sẽ đóng vai trò là một người đánh giá câu trả lời (answer judge). Với một câu hỏi và câu trả lời, mục tiêu của bạn là xác định xem câu trả i sự thật hoặc thông tin không đúng sự thật hoặc thông tin ảo giác. Với một câu hỏi và câu trả lời, bạn sẽ sống như người dùng chứa thông tin không đúng hoặc thông tin ảo giác.

#Câu hỏi#: Người đánh giá câu trả lời (answer judge) với một câu hỏi chứa sự khác biệt cho bạn. Với một câu hỏi và câu trả lời, bạn có thể đếm số người đánh giá và gọi những người dùng chứa thông tin khác biệt và chứa thông tin ảo giác."
50,https://dichvucong.gov.vn/p/home/dvc-chi-tiet-cau-hoi.html?id=20074&row_limit=1,"Tại Điều 28, Luật nghĩa vụ quân sự năm 2015 quy định: 1. Hạ sĩ quan, binh sĩ dự bị đã biên chế vào đơn vị dự bị động viên trước khi tập trung huấn luyện, diễn tập được kiểm tra sức khỏe. 2. Ủy ban nhân dân cấp huyện chỉ đạo Phòng y tế phối hợp với cơ quan liên quan tổ chức kiểm tra sức khỏe đối với hạ sĩ quan, binh sĩ dự bị.","
Bạn sẽ đóng vai trò là một người đánh giá câu trả lời (answer judge). Với một câu hỏi và câu trả lời, mục tiêu của bạn là xác định xem câu trả lời được cung cấp có chứa thông tin không đúng sự thật hoặc thông tin ảo giác (hallucinated information) hay không.


#Câu hỏi#: Hạ sĩ quan, binh sĩ dự bị đã biên chế vào đơn vị dự bị động viên trước khi tập trung huấn luyện, diễn tập có được kiểm tra sức khỏe không; cấp nào chủ trì?

#Câu trả lời#: Tại Điều 28, Luật nghĩa vụ quán sự quyền thống bên trong khoảng hơn 100 năm. Ngoài ra, các kĩ thuật định giá trị chính của phần mềm của sự quyền thống là liên quan đến hệ thống hay kĩ thuật thưởng với hữu động dự bị hoại tục để diễn tập của tất cả người.

#Đánh giá của bạn#:

Bạn nên cố gắng hết sức để xác định xem câu trả lời có chứa thông tin k"
51,https://dichvucong.gov.vn/p/home/dvc-chi-tiet-cau-hoi.html?id=20096&row_limit=1,"Hội đồng NVQS và thành phần của Hội đồng NVQS được quy định tại Điều 36 Luật NVQS năm 2015, cụ thể như sau:“Điều 36. Hội đồng nghĩa vụ quân sự1. Ủy ban nhân dân các cấp thành lập Hội đồng nghĩa vụ quân sự để giúp Ủy ban nhân dân cùng cấp thực hiện pháp luật về nghĩa vụ quân sự. 2. Thành phần của Hội đồng nghĩa vụ quân sự các cấp:a) Hội đồng nghĩa vụ quân sự cấp tỉnh, cấp huyện gồm:Chủ tịch Hội đồng nghĩa vụ quân sự là Chủ tịch Ủy ban nhân dân cấp tỉnh, cấp huyện;Phó Chủ tịch thường trực Hội đồng nghĩa vụ quân sự là Chỉ huy trưởng cơ quan quân sự cấp tỉnh, cấp huyện;Phó Chủ tịch Hội đồng nghĩa vụ quân sự là Giám đốc Công an cấp tỉnh, Trưởng Công an cấp huyện;Các ủy viên Hội đồng nghĩa vụ quân sự là người đứng đầu Ủy ban Mặt trận Tổ quốc Việt Nam, Liên đoàn lao động Việt Nam, Đoàn thanh niên cộng sản Hồ Chí Minh, Hội liên hiệp phụ nữ Việt Nam, Hội nông dân Việt Nam, Hội cựu chiến binh Việt Nam và một số cơ quan chuyên môn thuộc Ủy ban nhân dân do Chủ tịch Ủy ban nhân dân cùng cấp quyết định; b) Hội đồng nghĩa vụ quân sự cấp xã gồm:Chủ tịch Hội đồng nghĩa vụ quân sự là Chủ tịch Ủy ban nhân dân;Phó Chủ tịch thường trực Hội đồng nghĩa vụ quân sự là Chỉ huy trưởng Ban chỉ huy quân sự;Phó Chủ tịch Hội đồng nghĩa vụ quân sự là Trưởng Công an;Các ủy viên Hội đồng nghĩa vụ quân sự là người đứng đầu Ủy ban Mặt trận Tổ quốc Việt Nam, Đoàn thanh niên cộng sản Hồ Chí Minh, Hội liên hiệp phụ nữ Việt Nam, Hội cựu chiến binh Việt Nam, Y tế; công chức tư pháp - hộ tịch, tài chính - kế toán và một số thành viên khác do Chủ tịch Ủy ban nhân dân quyết định.3. Hội đồng nghĩa vụ quân sự làm việc theo nguyên tắc tập thể; chịu trách nhiệm trước Ủy ban nhân dân cùng cấp về việc thực hiện nghĩa vụ quân sự tại địa phương; nghị quyết của Hội đồng phải được quá nửa tổng số thành viên biểu quyết tán thành.”","
#Câu hỏi#: Bạn sẽ đóng vai trò là một người đánh giá câu trả lời (answer judge). Với một câu hỏi và câu trả lời, mục tiêu của bạn là xác định xem câu trả lời được cung cấp có chứa thông tin không đúng sự thật hoặc thông tin ảo giác (hallucinated information) hay không.

#Câu trả lời#: Hội đồng NVQS và thành phần của Hội đồng NVQS được quy định như thế nào?

#Câu hỏi#: Bạn sẽ đóng vai trò là một người đánh giá câu trả lời (answer judge). Với một câu hỏi và câu trả lời, mục tiêu của bạn là xác định xem câu trả lời được cung cấp có chứa thông tin không đúng sự thật hoặc thông tin ảo giác (hallucinated information) hay không."
52,https://dichvucong.gov.vn/p/home/dvc-chi-tiet-cau-hoi.html?id=20080&row_limit=1,"Nghĩa vụ quân sự được quy định tại Điều 4 Luật NVQS năm 2015, cụ thể như sau: “Điều 4. Nghĩa vụ quân sự 1. Nghĩa vụ quân sự là nghĩa vụ vẻ vang của công dân phục vụ trong Quân đội nhân dân. Thực hiện nghĩa vụ quân sự bao gồm phục vụ tại ngũ và phục vụ trong ngạch dự bị của Quân đội nhân dân.2. Công dân trong độ tuổi thực hiện nghĩa vụ quân sự, không phân biệt dân tộc, thành phần xã hội, tín ngưỡng, tôn giáo, trình độ học vấn, nghề nghiệp, nơi cư trú phải thực hiện nghĩa vụ quân sự theo quy định của Luật này.3. Công dân phục vụ trong lực lượng Cảnh sát biển và thực hiện nghĩa vụ tham gia Công an nhân dân được coi là thực hiện nghĩa vụ quân sự tại ngũ.4. Công dân thuộc một trong các trường hợp sau đây được công nhận hoàn thành nghĩa vụ quân sự tại ngũ trong thời bình:a) Dân quân tự vệ nòng cốt đã hoàn thành nghĩa vụ tham gia dân quân tự vệ, trong đó có ít nhất 12 tháng làm nhiệm vụ dân quân tự vệ thường trực;b) Hoàn thành nhiệm vụ tham gia Công an xã liên tục từ đủ 36 tháng trở lên;c) Cán bộ, công chức, viên chức, sinh viên tốt nghiệp đại học trở lên, đã được đào tạo và phong quân hàm sĩ quan dự bị;d) Thanh niên đã tốt nghiệp đại học, cao đẳng, trung cấp tình nguyện phục vụ tại đoàn kinh tế - quốc phòng từ đủ 24 tháng trở lên theo Đề án do Thủ tướng Chính phủ quyết định;đ) Công dân phục vụ trên tàu kiểm ngư từ đủ 24 tháng trở lên.”","
Dân quán tự vệ: Đã hoàn thành nghĩa vụ tham gia dân quân tự vệ, trong đó có ít nhất 12 tháng làm nhiệm vụ dân quân tự vệ thường trực;hoàn thành nhiệm vụ tham gia Công an xã liên tục từ đủ 36 tháng trở lên;c) Cán bộ, công chức, viên chức, sinh viên tốt nghiệp đại học trở lên, đã được đào tạo và phong quân hàm sĩ quan dự bị;d) Thanh niên đã tốt nghiệp đại học, cao đẳng, trung cấp tình nguyện phục vụ tại đoàn kinh tế - quốc phòng từ đủ 24 tháng trở lên theo Đề án do Thủ tướng Chính phủ quyết định;đ) Công dân phục vụ trên tàu kiểm ngư từ đủ 24 tháng trở lên.;"
53,https://dichvucong.gov.vn/p/home/dvc-chi-tiet-cau-hoi.html?id=20094&row_limit=1,"Thời gian phục vụ tại ngũ của hạ sĩ quan binh sĩ được quy định tại Điều 21 Luật NVQS năm 2015, cụ thể như sau:“Điều 21. Thời hạn phục vụ tại ngũ của hạ sĩ quan, binh sĩ1. Thời hạn phục vụ tại ngũ trong thời bình của hạ sĩ quan, binh sĩ là 24 tháng. 2. Bộ trưởng Bộ Quốc phòng được quyết định kéo dài thời hạn phục vụ tại ngũ của hạ sĩ quan, binh sĩ nhưng không quá 06 tháng trong trường hợp sau đây: a) Để bảo đảm nhiệm vụ sẵn sàng chiến đấu;b) Đang thực hiện nhiệm vụ phòng, chống thiên tai, dịch bệnh, cứu hộ, cứu nạn.3. Thời hạn phục vụ của hạ sĩ quan, binh sĩ trong tình trạng chiến tranh hoặc tình trạng khẩn cấp về quốc phòng được thực hiện theo lệnh tổng động viên hoặc động viên cục bộ.”","
Bạn sẽ đóng vai trò là một người đánh giá câu trả lời (answer judge). Với một câu hỏi và câu trả lời, mục tiêu của bạn là xác định xem câu trả lời được cung cấp có chứa thông tin không đúng sự thật hoặc thông tin ảo giác hay không. 

#Câu hỏi#: Quy định thời gian phục vụ tại ngũ của hạ sĩ quan binh sĩ như thế nào?

#Câu trả lời#: Thời gian phục vụ tại ngữ của hạ sĩ quan, binh sĩ được quy định tại Điều 21 Luật NVQS năm 2015, cụ thể như sau:“Điều 21. Thời hạn phục vụ tại ngữ của hạ sĩ quan, binh sĩ là 24 tháng.”

#Đánh giá của bạn#:

Bạn nên cố gắng hết sức để xác định xem câu trả lời có chứa thông tin không đúng sự thật hoặc thông tin ảo giác hay không. Câu trả lời bạn đưa ra PHẢI là ""Có"" hoặc ""Không"".

### Response:

Bạn sẽ đóng vai trò là một người đánh giá c"
54,https://dichvucong.gov.vn/p/home/dvc-chi-tiet-cau-hoi.html?id=20095&row_limit=1,"Thẩm quyền, trách nhiệm giải quyết xuất ngũ và trách nhiệm của hạ sĩ quan, binh sĩ xuất ngũ được pháp luật quy định tại Điều 44 và Điều 45 Luật NVQS năm 2015, cụ thể như sau:“Điều 44. Thẩm quyền, trách nhiệm giải quyết xuất ngũ1. Bộ trưởng Bộ Quốc phòng quyết định xuất ngũ hằng năm đối với hạ sĩ quan, binh sĩ phục vụ tại ngũ.2. Chỉ huy đơn vị từ cấp trung đoàn và tương đương trở lên quyết định xuất ngũ đối với từng hạ sĩ quan, binh sĩ thuộc quyền; tổ chức lễ tiễn hạ sĩ quan, binh sĩ hoàn thành nghĩa vụ phục vụ tại ngũ và bàn giao cho Ủy ban nhân dân cấp huyện đã giao quân. 3. Thời gian xuất ngũ phải được thông báo trước 30 ngày cho hạ sĩ quan, binh sĩ và Ủy ban nhân dân cấp huyện nơi giao quân hoặc cơ quan, tổ chức nơi làm việc, học tập trước khi nhập ngũ.4. Ủy ban nhân dân cấp huyện, cấp xã và cơ quan, tổ chức phải tổ chức tiếp nhận hạ sĩ quan, binh sĩ xuất ngũ. Điều 45. Trách nhiệm của hạ sĩ quan, binh sĩ xuất ngũ Hạ sĩ quan, binh sĩ xuất ngũ; hạ sĩ quan, chiến sĩ hoàn thành thực hiện nghĩa vụ tham gia Công an nhân dân khi về nơi cư trú hoặc nơi làm việc, học tập trong thời hạn 15 ngày làm việc phải đến cơ quan đăng ký nghĩa vụ quân sự để đăng ký phục vụ trong ngạch dự bị.”","
Sorry, I cannot judge because the information provided is not accurate or it has no hallucinated information."
55,https://dichvucong.gov.vn/p/home/dvc-chi-tiet-cau-hoi.html?id=20090&row_limit=1,"Tiêu chuẩn tuyển chọn và gọi công dân nhập ngũ (tuyển quân) đự quy định tại khoản 2, 3, 4, Điều 4 Thông tư số 148/2018/TT-BQP ngày 04/10/2018 của Bộ trưởng BQP, cụ thể như sau:“Điều 4. Tiêu chuẩn tuyển quân2. Tiêu chuẩn chính trị:a) Thực hiện theo Thông tư liên tịch số 50/2016/TTLT-BQP-BCA ngày 15 tháng 4 năm 2016 của Bộ Quốc phòng và Bộ Công an quy định tiêu chuẩn chính trị tuyển chọn công dân vào phục vụ trong Quân đội nhân dân Việt Nam. b) Đối với các cơ quan, đơn vị và vị trí trọng yếu cơ mật trong Quân đội; lực lượng Tiêu binh, Nghi lễ; lực lượng Vệ binh và Kiểm soát quân sự chuyên nghiệp thực hiện tuyển chọn theo quy định của Bộ Quốc phòng.3. Tiêu chuẩn sức khoẻ: a) Tuyển chọn những công dân có sức khỏe loại 1, 2, 3 theo quy định tại Thông tư liên tịch số 16/2016/TTLT-BYT-BQP ngày 30 tháng 6 năm 2016 của Bộ Y tế và Bộ Quốc phòng quy định việc khám sức khoẻ thực hiện nghĩa vụ quân sự.b) Đối với các cơ quan, đơn vị, vị trí quy định tại Điểm b Khoản 2 Điều này, thực hiện tuyển chọn bảo đảm tiêu chuẩn riêng theo quy định của Bộ Quốc phòng.c) Không gọi nhập ngũ vào Quân đội những công dân có sức khỏe loại 3 tật khúc xạ về mắt (cận thị 1,5 diop trở lên, viễn thị các mức độ); nghiện ma túy, nhiễm HIV, AIDS.4. Tiêu chuẩn văn hóa:a) Tuyển chọn và gọi nhập ngũ những công dân có trình độ văn hóa lớp 8 trở lên, lấy từ cao xuống thấp. Những địa phương có khó khăn không đảm bảo đủ chỉ tiêu giao quân thì báo cáo cấp có thẩm quyền xem xét, quyết định được tuyển chọn số công dân có trình độ văn hóa lớp 7.b) Các xã thuộc vùng sâu, vùng xa, vùng điều kiện kinh tế - xã hội đặc biệt khó khăn theo quy định của pháp luật; đồng bào dân tộc thiểu số dưới 10.000 người thì được tuyển không quá 25% công dân có trình độ văn hóa cấp tiểu học, còn lại là trung học cơ sở trở lên.”","
Bạn sẽ đóng vai trò là một người đánh giá câu trả lời (answer judge). Với một câu hỏi và câu trả lời, mục tiêu của bạn là xác định xem câu trả lời được cung cấp có chứa thông tin không đúng sự thật hoặc thông tin ảo giác (hallucinated information) hay không. 

#Câu hỏi#: Tiêu chuẩn tuyển chọn và gọi công dân nhập ngũ (tuyển quán) được quy định như thế nào?

#Câu trả lời#: Tiêu chuẩn tuyển chọn và gọi công dân nhập ngũ (tuyển quán) được quy định tại khoản 2, 3, 4, Điều 4 Thông tư số 148/2018/TT-BQP ngày 04/10/2018 của Bộ trưởng BQP, cụ thể như sau:“Điều 4. Tiêu chuẩn tuyển quân2. Tiêu chuẩn chính trị:a) Thực hiện theo Thông tư liên tịch số 50/2016/TT-BQP ngày 04/10/2018 của Bộ Quốc phòng và Bộ Công an quy định tiêu chuẩn tuyển quân2. Tiê"
56,https://dichvucong.gov.vn/p/home/dvc-chi-tiet-cau-hoi.html?id=20093&row_limit=1,"Trong thời bình tạm hoãn gọi nhập ngũ được quy định tại khoản 1, Điều 41 Luật NVQS năm 2015, cụ thể như sau:“Điều 41.1. Tạm hoãn gọi nhập ngũ đối với những công dân sau đây:a) Chưa đủ sức khỏe phục vụ tại ngũ theo kết luận của Hội đồng khám sức khỏe;b) Là lao động duy nhất phải trực tiếp nuôi dưỡng thân nhân không còn khả năng lao động hoặc chưa đến tuổi lao động; trong gia đình bị thiệt hại nặng về người và tài sản do tai nạn, thiên tai, dịch bệnh nguy hiểm gây ra được Ủy ban nhân dân cấp xã xác nhận;c) Một con của bệnh binh, người nhiễm chất độc da cam suy giảm khả năng lao động từ 61% đến 80%; d) Có anh, chị hoặc em ruột là hạ sĩ quan, binh sĩ đang phục vụ tại ngũ; hạ sĩ quan, chiến sĩ thực hiện nghĩa vụ tham gia Công an nhân dân;đ) Người thuộc diện di dân, giãn dân trong 03 năm đầu đến các xã đặc biệt khó khăn theo dự án phát triển kinh tế - xã hội của Nhà nước do Ủy ban nhân dân cấp tỉnh trở lên quyết định;e) Cán bộ, công chức, viên chức, thanh niên xung phong được điều động đến công tác, làm việc ở vùng có điều kiện kinh tế - xã hội đặc biệt khó khăn theo quy định của pháp luật; g) Đang học tại cơ sở giáo dục phổ thông; đang được đào tạo trình độ đại học hệ chính quy thuộc cơ sở giáo dục đại học, trình độ cao đẳng hệ chính quy thuộc cơ sở giáo dục nghề nghiệp trong thời gian một khóa đào tạo của một trình độ đào tạo.”","
Từ đó, có chất liệu thực hiện của bạn.

- Chưa đủ sức khỏe phục vụ tại ngũ theo kết luận của Hội đồng khám sức khỏe;
- Là lao động duy nhất phải trực tiếp nuôi dưỡng thân nhân không còn khá là lợi thức với tổng hợp sức mạnh rất động, phổ biến và khả năng phục vụ;
- Một con của bệnh binh, người nhiễm chất độc da cam suy giảm khả năng lao động từ 61% đến 80%;
- Có anh, chị hoặc em ruột là hạ sĩ quan, binh sĩ đang phục vụ tại ngũ;
- Người thuộc diện di dân, giãn dân trong 03 năm đầu đến các xã đặc biệt khó khá lợi thức với tổng hợp sức mạnh rất động, phổ biến và khả năng phục vụ;
- Người thuộc diện di dân, giãn dân trong 03 năm đầu đến các xã đặc biệt khó khá lợi thức với tổng hợp sức mạnh rất động, phổ biến và khả năng"
